-- phpMyAdmin SQL Dump
-- version 5.1.1
-- https://www.phpmyadmin.net/
--
-- Host: 127.0.0.1
-- Waktu pembuatan: 22 Agu 2023 pada 08.33
-- Versi server: 10.4.22-MariaDB
-- Versi PHP: 7.4.27

SET SQL_MODE = "NO_AUTO_VALUE_ON_ZERO";
START TRANSACTION;
SET time_zone = "+00:00";


/*!40101 SET @OLD_CHARACTER_SET_CLIENT=@@CHARACTER_SET_CLIENT */;
/*!40101 SET @OLD_CHARACTER_SET_RESULTS=@@CHARACTER_SET_RESULTS */;
/*!40101 SET @OLD_COLLATION_CONNECTION=@@COLLATION_CONNECTION */;
/*!40101 SET NAMES utf8mb4 */;

--
-- Database: `ipod`
--

-- --------------------------------------------------------

--
-- Struktur dari tabel `l_competency`
--

CREATE TABLE `l_competency` (
  `id_list` int(11) NOT NULL,
  `id_competency` varchar(50) NOT NULL,
  `list_competency` varchar(255) NOT NULL,
  `type_competency` varchar(15) NOT NULL,
  `category_competency` varchar(15) NOT NULL,
  `status_list` varchar(10) NOT NULL
) ENGINE=InnoDB DEFAULT CHARSET=utf8mb4;

--
-- Dumping data untuk tabel `l_competency`
--

INSERT INTO `l_competency` (`id_list`, `id_competency`, `list_competency`, `type_competency`, `category_competency`, `status_list`) VALUES
(1, 'H', 'Mengetahui1', 'KNOWLEDGE', 'SAFETY', 'A'),
(2, 'E', 'Mengetahui2', '', '', 'K'),
(3, 'A', 'Mengetahui3', '', '', 'T'),
(4, 'D', 'Mengetahui4', '', '', 'I'),
(5, '-', 'Mengetahui5', '', '', 'F'),
(6, 'H', 'Test1', 'SKIL', 'QUALITY', 'A'),
(7, 'E', 'Test2', '', '', 'K'),
(8, 'HEAD-230520-9101-172582808101', 'Wa1', '', '', 'A'),
(9, 'HEAD-230520-9101-172582808101', 'Wa2', '', '', 'K'),
(10, 'HEAD-230520-9101-172582808101', 'Wa3', '', '', 'T'),
(11, 'HEAD-230520-9101-172582808101', 'Qq1', '', '', 'AKTIF'),
(12, 'HEAD-230520-9101-172582808101', 'Qq2', '', '', 'AKTIF'),
(13, 'HEAD-230520-9101-172582808101', 'Qq3', '', '', 'AKTIF'),
(14, 'HEAD-230520-9101-172582808101', 'Sasa1', 'KNOWLEDGE', 'SAFETY', 'AKTIF'),
(15, 'HEAD-230520-9101-172582808101', 'Sasa2', 'KNOWLEDGE', 'SAFETY', 'AKTIF');

-- --------------------------------------------------------

--
-- Struktur dari tabel `m_competency`
--

CREATE TABLE `m_competency` (
  `id_competency` varchar(50) NOT NULL,
  `title_competency` varchar(100) NOT NULL,
  `id_machine` int(11) NOT NULL,
  `status_competency` varchar(10) NOT NULL
) ENGINE=InnoDB DEFAULT CHARSET=utf8mb4;

--
-- Dumping data untuk tabel `m_competency`
--

INSERT INTO `m_competency` (`id_competency`, `title_competency`, `id_machine`, `status_competency`) VALUES
('HEAD-230520-9101-172582808101', 'COMPETENCY OPR PET 1', 2, 'AKTIF');

-- --------------------------------------------------------

--
-- Struktur dari tabel `m_employee`
--

CREATE TABLE `m_employee` (
  `share_id` varchar(10) NOT NULL,
  `nik` varchar(6) NOT NULL,
  `employee_name` varchar(150) NOT NULL,
  `gol` varchar(6) NOT NULL,
  `neo_sku` varchar(12) NOT NULL,
  `posisi_by_sunfish` varchar(150) NOT NULL,
  `username` varchar(100) NOT NULL,
  `password` varchar(50) NOT NULL,
  `level_akses` varchar(20) NOT NULL,
  `status_job` varchar(15) NOT NULL
) ENGINE=InnoDB DEFAULT CHARSET=utf8mb4;

--
-- Dumping data untuk tabel `m_employee`
--

INSERT INTO `m_employee` (`share_id`, `nik`, `employee_name`, `gol`, `neo_sku`, `posisi_by_sunfish`, `username`, `password`, `level_akses`, `status_job`) VALUES
('00030958', '19639', 'ELLEN HAPPY FOREVER', 'G 9', 'SHE', 'SAFETY, HEALTH, AND ENVIRONMENT MANAGER', '', '', '', ''),
('00034272', '01849', 'CACAS SUWARNA', 'G 9', 'CSR', 'STAKEHOLDER RELATION MANAGER', '', '', '', ''),
('00048658', '06520', 'FAIZIN FAIZIN', 'G 9', 'PERFORMA', 'PERFORMANCE MANAGER', '', '', '', ''),
('00073236', '03952', 'MAMAN HERMAWAN', 'G 9', 'HOD', 'MANUFACTURING MANAGER HOD', '', '', '', ''),
('00073240', '08691', 'ANDRI FEBRIANTO', 'G 9', 'HR', 'HUMAN RESOURCES MANAGER', '', '', '', ''),
('00083036', '19947', 'ALDI ILFAN MAULANA', 'G 13', 'HOD', 'PELAKSANA - PACKING', '', '', '', ''),
('00083108', '21623', 'DENI BUDIANSAH', 'G 13', 'HOD', 'PELAKSANA - PACKING', '', '', '', ''),
('00083158', '21625', 'FUJI HAJARUDIN', 'G 13', 'HOD', 'PELAKSANA - PACKING', '', '', '', ''),
('00083237', '14433', 'MUHAMMAD YANI', 'G 13', 'HOD', 'PELAKSANA - PACKING', '', '', '', ''),
('00083242', '21620', 'NANDAR MAULANA', 'G 13', 'HOD', 'PELAKSANA - PACKING', '', '', '', ''),
('00083245', '21624', 'NENDI MAULANA', 'G 13', 'HOD', 'PELAKSANA - PACKING', '', '', '', ''),
('00083254', '21119', 'PANCA MAULANA MALIK SUHENDI', 'G 13', 'HOD', 'PELAKSANA - PACKING', '', '', '', ''),
('00083258', '18848', 'PIERRE WILLIAM PESIWARISSA', 'G 10', 'HOD', 'MAINTENANCE ENGINEER SUPERVISOR', '', '', '', ''),
('00083278', '21110', 'RUBIANA SAMARAN', 'G 13', 'HOD', 'PELAKSANA - PACKING', '', '', '', ''),
('00087221', '02759', 'IBNU JUARTONO', 'G 9', 'FIN', 'PLANT CONTROLLER', '', '', '', ''),
('00087908', '11670', 'A RUSLAN ABDUL GANI', 'G 13', 'GP', 'CHECKER & OPERATOR FORKLIFT GALLON', '', '', '', ''),
('00087909', '11458', 'A SAMBAS', 'G 13', 'HOD', 'PELAKSANA - PACKING', '', '', '', ''),
('00087911', '05078', 'AM BASIR', 'G 11', 'GP', 'DATA ENTRY FINISHED GOODS', '', '', '', ''),
('00087912', '03789', 'AA AA', 'G 12', 'PET2', 'OPERATOR 600 ML AREA 2', '', '', '', ''),
('00087913', '11475', 'AANG MUHIDIN', 'G 12', 'PET1', 'OPERATOR HUSKY 1500 ML (1)', '', '', '', ''),
('00087914', '01376', 'AANG SUGANDA', 'G 11', 'TEKNIK', 'TEKNISI', '', '', '', ''),
('00087916', '09417', 'ABDUL BUDI PATRIONO', 'G 12', 'QA', 'CHECKER - PM AND LAB', '', '', '', ''),
('00087917', '07385', 'ABDUL HAKIM', 'G 13', 'HOD', 'PELAKSANA TREATMENT', '', '', '', ''),
('00087918', '11514', 'ABDUL HANAN', 'G 12', 'HR', 'DRIVER - POOL KENDARAAN', '', '', '', ''),
('00087919', '03824', 'ABDUL KHOLIK', 'G 12', 'HOD', 'OPERATOR', '', '', '', ''),
('00087920', '07316', 'ABDUL RAHMAN', 'G 13', 'HR-SAT', 'SATPAM', '', '', '', ''),
('00087921', '11474', 'ABDUL RAHMAN', 'G 12', 'PP', 'OPERATOR GABLER AREA 2', '', '', '', ''),
('00087922', '04589', 'ABDUL ROHIM', 'G 11', 'PET1', 'KEY USER SPS', '', '', '', ''),
('00087923', '09397', 'ABDUL ROHMAN', 'G 13', 'HOD', 'PELAKSANA - PACKING', '', '', '', ''),
('00087925', '07726', 'ABEK ABEK', 'G 13', 'PET1', 'PELAKSANA PACKING 1500 ML', '', '', '', ''),
('00087926', '11572', 'ABUNG TARYANA', 'G 12', 'PET2', 'OPERATOR 750 ML', '', '', '', ''),
('00087927', '07267', 'ACE SOPIAN', 'G 13', 'HOD', 'PELAKSANA - PACKING', '', '', '', ''),
('00087928', '11994', 'ACE SUGIANA', 'G 12', 'GP', 'DATA ENTRY FINISHED GOODS', '', '', '', ''),
('00087929', '07359', 'ACEP HAMDANI', 'G 12', 'GP', 'CHECKER & OPERATOR FORKLIFT GALLON', '', '', '', ''),
('00087930', '08155', 'ACEP HARYADI', 'G 12', 'GP', 'DATA ENTRY FINISHED GOODS', '', '', '', ''),
('00087931', '09600', 'ACEP MAULANA', 'G 12', 'HR-SAT-KBNG', 'SATPAM', '', '', '', ''),
('00087933', '06651', 'ACIM KASIM', 'G 13', 'PP', 'PELAKSANA PACKING 240 ML AREA 2', '', '', '', ''),
('00087934', '04077', 'ADANG RADI', 'G 11', 'HOD', 'TEKNIK SUPPORT HOD', '', '', '', ''),
('00087935', '03958', 'ADE ADE', 'G 12', 'GP', 'CHECKER & OPERATOR FORKLIFT GALLON', '', '', '', ''),
('00087936', '07462', 'ADE ADE', 'G 12', 'PET2', 'OPERATOR 750 ML', '', '', '', ''),
('00087938', '15659', 'ADE IKHWANUDIN', 'G 12', 'HOD', 'OPERATOR', '', '', '', ''),
('00087940', '06566', 'ADE IRMA PUJI RAHAYU', 'G 13', 'HOD', 'PELAKSANA - VISUAL CONTROL', '', '', '', ''),
('00087941', '09558', 'ADE KAMALUDIN', 'G 13', 'HOD', 'PELAKSANA - PACKING', '', '', '', ''),
('00087943', '11438', 'ADE MISBAHUDIN', 'G 13', 'HOD', 'PELAKSANA - PACKING', '', '', '', ''),
('00087944', '05547', 'ADE MULYANA BIN ADANG', 'G 12', 'QA', 'CHECKER - PM AND LAB', '', '', '', ''),
('00087945', '11727', 'ADE MUNAJAT', 'G 13', 'PP', 'PELAKSANA PACKING 240 ML AREA 2', '', '', '', ''),
('00087946', '07319', 'ADE PANJI MULYANA', 'G 12', 'HR-SAT', 'SATPAM', '', '', '', ''),
('00087947', '07443', 'ADE RACHMAT ASAHI', 'G 11', 'TEKNIK', 'TEKNISI', '', '', '', ''),
('00087949', '05158', 'ADE SUPRIYADI', 'G 11', 'PET2', 'TEKNISI TROUBLE SHOOTER INJECTION (1)', '', '', '', ''),
('00087950', '09410', 'ADE SURYADI', 'G 13', 'HOD', 'PELAKSANA - PACKING', '', '', '', ''),
('00087951', '07328', 'ADE TOYIBUL IKSAN', 'G 12', 'PP', 'OPERATOR GABLER AREA 2', '', '', '', ''),
('00087952', '07450', 'ADE YUDI PRAYUDI', 'G 13', 'HOD', 'PELAKSANA - VISUAL CONTROL', '', '', '', ''),
('00087953', '11664', 'ADE ZAENAL ARIFIN', 'G 12', 'PET2', 'OPERATOR HUSKY 600 ML AREA 2', '', '', '', ''),
('00087955', '07472', 'ADI FIRMANSYAH', 'G 12', 'HR-SAT-KBNG', 'SATPAM', '', '', '', ''),
('00087957', '09546', 'ADI SUDRAJAT', 'G 11', 'PP', 'TEKNISI TROUBLE SHOOTER INJECTION AREA 2', '', '', '', ''),
('00087958', '09592', 'ADI SUPARDI', 'G 13', 'HOD', 'PELAKSANA - VISUAL CONTROL', '', '', '', ''),
('00087959', '11470', 'ADI WIBOWO', 'G 12', 'PET2', 'OPERATOR 750 ML', '', '', '', ''),
('00087960', '11459', 'ADIH SUNARDI', 'G 13', 'HOD', 'PELAKSANA - VISUAL CONTROL', '', '', '', ''),
('00087961', '11725', 'ADIL CAHYA SUGEMA', 'G 13', 'GP', 'CHECKER & OPERATOR FORKLIFT GALLON', '', '', '', ''),
('00087962', '09480', 'ADIN RAMDANI', 'G 13', 'HR-SAT-KBNG', 'SATPAM', '', '', '', ''),
('00087964', '04718', 'AEP SAEPULLOH', 'G 12', 'PET2', 'OPERATOR 750 ML', '', '', '', ''),
('00087966', '15623', 'AFAN SANDI', 'G 12', 'HOD', 'CHECKER - QC', '', '', '', ''),
('00087968', '04468', 'AGEN SUHERMAN', 'G 10', 'PP', 'PROCESS ENGINEER SUPERVISOR AREA 2', '', '', '', ''),
('00087969', '15679', 'AGUNG DAHRIAN', 'G 10', 'PET1', 'MAINTENANCE ENGINEER SUPERVISOR', '', '', '', ''),
('00087971', '04773', 'AGUS GUNAWAN', 'G 13', 'HR-SAT', 'SATPAM', '', '', '', ''),
('00087972', '15657', 'AGUS GUNAWAN', 'G 12', 'HOD', 'CHECKER - QC', '', '', '', ''),
('00087973', '04095', 'AGUS HERMAWAN', 'G 12', 'PET2', 'OPERATOR 600 ML AREA 2', '', '', '', ''),
('00087974', '07441', 'AGUS HERMAWAN', 'G 12', 'HR-SAT', 'SATPAM', '', '', '', ''),
('00087975', '03013', 'AGUS HIMAWAN', 'G 11', 'HOD', 'PELAKSANA BELAH BOTOL', '', '', '', ''),
('00087976', '07943', 'AGUS JAJANG', 'G 13', 'HOD', 'PELAKSANA - PACKING', '', '', '', ''),
('00087977', '07613', 'AGUS MARYANTO', 'G 11', 'TEKNIK', 'TEKNISI', '', '', '', ''),
('00087978', '07946', 'AGUS MULYANA', 'G 9', 'PET2', 'MANUFACTURING SPS MANAGER', '', '', '', ''),
('00087979', '07291', 'AGUS NARIMAN', 'G 11', 'TEKNIK', 'TEKNISI', '', '', '', ''),
('00087980', '07255', 'AGUS PURNOMO', 'G 10', 'HOD', 'MAINTENANCE PLANNER', '', '', '', ''),
('00087981', '09584', 'AGUS SANDI', 'G 13', 'HOD', 'PELAKSANA BELAH BOTOL', '', '', '', ''),
('00087982', '09352', 'AGUS SETIA PERMANA', 'G 12', 'GP', 'DATA ENTRY FINISHED GOODS', '', '', '', ''),
('00087984', '09354', 'AGUS SETIAWAN', 'G 13', 'PET1', 'PACKING MULTIPACK (1)', '', '', '', ''),
('00087985', '12077', 'AGUS SETIAWAN', 'G 13', 'PP', 'PELAKSANA PACKING 240 ML AREA 2', '', '', '', ''),
('00087987', '02402', 'AGUS SUGILAR', 'G 12', 'QA', 'CHECKER - PM AND LAB', '', '', '', ''),
('00087988', '06654', 'AGUS SUTANI', 'G 12', 'PET1', 'OPERATOR 1500 ML', '', '', '', ''),
('00087989', '04749', 'AGUS SUTIANA', 'G 12', 'QA', 'CHECKER - PM AND LAB', '', '', '', ''),
('00087991', '11995', 'AHMAD JUNAEDI', 'G 12', 'HOD', 'CHECKER - QC', '', '', '', ''),
('00087992', '06645', 'AHMAD LANA', 'G 13', 'HOD', 'PELAKSANA - VISUAL CONTROL', '', '', '', ''),
('00087993', '07106', 'AHMAD SAJURI', 'G 13', 'HR-SAT-KBNG', 'SATPAM', '', '', '', ''),
('00087994', '07628', 'AHMAD SUBADRI', 'G 13', 'PET1', 'PACKING MULTIPACK (1)', '', '', '', ''),
('00087995', '11651', 'AHMAD WAHIDIN', 'G 13', 'PP', 'PELAKSANA PACKING 240 ML AREA 2', '', '', '', ''),
('00087996', '03581', 'AHMAD YUSUP', 'G 12', 'HR', 'DRIVER - POOL KENDARAAN', '', '', '', ''),
('00087998', '06542', 'AJANG SUPENDI', 'G 13', 'HOD', 'PELAKSANA TREATMENT', '', '', '', ''),
('00087999', '04433', 'AJAT SUDRAJAT', 'G 13', 'PET1', 'PELAKSANA PACKING 1500 ML', '', '', '', ''),
('00088001', '07286', 'AJID MUDRIKAH', 'G 12', 'GP', 'CHECKER & OPERATOR FORKLIFT GALLON', '', '', '', ''),
('00088002', '11507', 'ALEX GUNAWAN', 'G 12', 'QA', 'CHECKER - PM AND LAB', '', '', '', ''),
('00088003', '07493', 'ALEXANDER J L', 'G 11', 'PP', 'TEKNISI TROUBLE SHOOTER INJECTION AREA 2', '', '', '', ''),
('00088004', '11733', 'ALI ABIDIN', 'G 11', 'PET1', 'TEKNISI MAINTENANCE', '', '', '', ''),
('00088005', '09253', 'ALI KUSNADI', 'G 11', 'PET1', 'TEKNISI TROUBLE SHOOTER 1500 & 330', '', '', '', ''),
('00088006', '11511', 'ALI NURZAMAN', 'G 11', 'TEKNIK', 'TEKNISI', '', '', '', ''),
('00088008', '06935', 'ALIT MUNANDAR', 'G 12', 'QA', 'CHECKER - PM AND LAB', '', '', '', ''),
('00088009', '09496', 'ALWAN ALWAN', 'G 12', 'HOD', 'PELAKSANA TREATMENT', '', '', '', ''),
('00088010', '08148', 'AMANUDIN AMANUDIN', 'G 13', 'HOD', 'PELAKSANA - PACKING', '', '', '', ''),
('00088011', '07456', 'AMUNG MULYADI', 'G 12', 'QA', 'CHECKER - PM AND LAB', '', '', '', ''),
('00088013', '08022', 'ANDI HASAN ASHARI', 'G 12', 'PP', 'OPERATOR 240 ML AREA 2', '', '', '', ''),
('00088016', '09604', 'ANDI YUSUP', 'G 9', 'TEKNIK', 'ENGINEERING MANAGER', '', '', '', ''),
('00088017', '12079', 'ANDI YUSUP', 'G 12', 'QA', 'ANALYST INCOMING MATERIAL', '', '', '', ''),
('00088018', '09342', 'ANDRI ANDRI', 'G 13', 'PP', 'PELAKSANA PACKING 240 ML AREA 2', '', '', '', ''),
('00088020', '07117', 'ANDRI KUSDARMAYO', 'G 13', 'HR-SAT', 'SATPAM', '', '', '', ''),
('00088021', '07281', 'ANDRIS RAHMAT', 'G 10', 'PET2', 'MAINTENANCE ENGINEER SUPERVISOR', '', '', '', ''),
('00088022', '08046', 'ANDRIYANA ANDRIYANA', 'G 13', 'HR-SAT', 'SATPAM', '', '', '', ''),
('00088023', '16586', 'ANGGA MUHAMMAD FAUZI', 'G 11', 'HR', 'COMPENSATION & BENEFIT STAFF', '', '', '', ''),
('00088024', '16571', 'ANISA EKA FEBRIANA', 'G 10', 'QA', 'KA. SIE QA - LAB SERVICE', '', '', '', ''),
('00088025', '07574', 'ANNEKE INDRIANTI', 'G 11', 'CSR', 'CSR STAFF', '', '', '', ''),
('00088026', '08090', 'ANO MULYONO', 'G 12', 'GP', 'DATA ENTRY FINISHED GOODS', '', '', '', ''),
('00088027', '09380', 'ANRI KUSUMAH', 'G 12', 'PET1', 'OPERATOR 1500 ML', '', '', '', ''),
('00088028', '15666', 'ANRI SUMANTRI', 'G 12', 'PET1', 'OPERATOR 1500 ML', '', '', '', ''),
('00088029', '15676', 'ANTO DARWANTO', 'G 13', 'HOD', 'PELAKSANA - VISUAL CONTROL', '', '', '', ''),
('00088030', '06783', 'ANTON HILMAN', 'G 13', 'HOD', 'PELAKSANA LABEL', '', '', '', ''),
('00088031', '12568', 'ANUGRAH RESTU RAHAYU', 'G 10', 'SHE', 'KA. SIE OCC. HEALTH', '', '', '', ''),
('00088032', '15274', 'ANWAR ANWAR', 'G 13', 'PP', 'PELAKSANA PACKING 240 ML AREA 2', '', '', '', ''),
('00088033', '07108', 'ANWAR SUNANDAR', 'G 13', 'HR-SAT', 'SATPAM', '', '', '', ''),
('00088034', '09564', 'AOS FIRDAUS', 'G 13', 'HR-SAT', 'SATPAM', '', '', '', ''),
('00088035', '08146', 'AOS SUTARJAT', 'G 11', 'HOD', 'TEKNIK SUPPORT HOD', '', '', '', ''),
('00088036', '11505', 'APEP SAEPULNASIR', 'G 13', 'HOD', 'PELAKSANA - PACKING', '', '', '', ''),
('00088038', '18355', 'ARI HASIHOLAN SIDABUTAR', 'G 9', 'QA', 'QUALITY ASSURANCE MANAGER', '', '', '', ''),
('00088039', '07597', 'ARI SANDI', 'G 12', 'HOD', 'OPERATOR', '', '', '', ''),
('00088040', '18254', 'ARI SAPUTRA', 'G 13', 'HOD', 'PELAKSANA - PACKING', '', '', '', ''),
('00088042', '11833', 'ARIE PRATAMA GUNAWAN', 'G 12', 'PP', 'KEY USER AREA 2', '', '', '', ''),
('00088043', '08093', 'ARIEF BUDIMAN', 'G 12', 'GP', 'PRODUCTION SUPPORTING', '', '', '', ''),
('00088044', '11439', 'ARIEF FRIANTO', 'G 12', 'GP', 'OPERATOR - FORKLIFT', '', '', '', ''),
('00088045', '09494', 'ARIEFIN SYAIFUL ROHMAN', 'G 12', 'GP', 'DATA ENTRY FINISHED GOODS', '', '', '', ''),
('00088046', '11434', 'ARIES PRATAMA SAPUTRA', 'G 13', 'HOD', 'PELAKSANA - PACKING', '', '', '', ''),
('00088047', '07442', 'ARIF RAHMAN HAKIM', 'G 12', 'GP', 'CHECKER & OPERATOR FORKLIFT GALLON', '', '', '', ''),
('00088049', '15658', 'ARIP MAHPUDIN', 'G 12', 'PET1', 'OPERATOR 1500 ML', '', '', '', ''),
('00088050', '15335', 'ARIS ISKANDAR', 'G 13', 'HOD', 'PELAKSANA - PACKING', '', '', '', ''),
('00088051', '16959', 'ARIS PRATAMA', 'G 13', 'HOD', 'PELAKSANA - PACKING', '', '', '', ''),
('00088052', '04499', 'ARIS RAHMANSYAH', 'G 11', 'SHE', 'REPORT AND ANALYST DATA', '', '', '', ''),
('00088053', '15650', 'ARIS RUSDIANSYAH', 'G 12', 'PET1', 'OPERATOR HUSKY 1500 ML (1)', '', '', '', ''),
('00088054', '09602', 'AROBI DANANG ARDANA', 'G 12', 'GB', 'MATERIAL PLANNER', '', '', '', ''),
('00088055', '04402', 'ASA KOSASIH', 'G 11', 'PP', 'KEY USER AREA 2', '', '', '', ''),
('00088056', '04139', 'ASEP AGIL', 'G 12', 'GP', 'CHECKER & OPERATOR FORKLIFT GALLON', '', '', '', ''),
('00088057', '11519', 'ASEP AGUS LUGIANA', 'G 13', 'PP', 'PELAKSANA PACKING 240 ML AREA 2', '', '', '', ''),
('00088058', '07252', 'ASEP AHMAD YUSUF', 'G 13', 'PET1', 'PELAKSANA PACKING 1500 ML', '', '', '', ''),
('00088059', '06658', 'ASEP AWALUDIN', 'G 13', 'HOD', 'PELAKSANA - PACKING', '', '', '', ''),
('00088061', '08043', 'ASEP GOJALI', 'G 12', 'GP', 'CHECKER & OPERATOR FORKLIFT GALLON', '', '', '', ''),
('00088062', '08423', 'ASEP GUNAWAN', 'G 12', 'GP', 'CHECKER & OPERATOR FORKLIFT GALLON', '', '', '', ''),
('00088063', '16936', 'ASEP GUNAWAN', 'G 13', 'HOD', 'PELAKSANA - PACKING', '', '', '', ''),
('00088064', '07294', 'ASEP HERMAWAN', 'G 13', 'HR-SAT-KBNG', 'SATPAM', '', '', '', ''),
('00088065', '07107', 'ASEP HIKMAT', 'G 12', 'HR-SAT-KBNG', 'SECURITY LEADER', '', '', '', ''),
('00088066', '10556', 'ASEP IKHSAN', 'G 10', 'GP', 'KA. SIE FINISHED GOODS', '', '', '', ''),
('00088068', '03810', 'ASEP KURNIADI', 'G 10', 'HOD', 'MANUFACTURE SUPERVISOR SHIFT A - HOD', '', '', '', ''),
('00088070', '08655', 'ASEP KUSTIAWAN', 'G 13', 'HR-SAT', 'SATPAM', '', '', '', ''),
('00088071', '15289', 'ASEP LEOMANSYAH', 'G 12', 'PP', 'OPERATOR 240 ML AREA 2', '', '', '', ''),
('00088072', '04559', 'ASEP MAKBUL', 'G 12', 'PET1', 'PACKING MULTIPACK (1)', '', '', '', ''),
('00088073', '11713', 'ASEP MUNANDAR', 'G 13', 'GB', 'PELAKSANA GUDANG BAHAN', '', '', '', ''),
('00088074', '14734', 'ASEP NURJAMAN', 'G 11', 'HOD', 'KEY USER - HOD', '', '', '', ''),
('00088075', '15538', 'ASEP RANGGA', 'G 13', 'HOD', 'PELAKSANA - PACKING', '', '', '', ''),
('00088078', '07289', 'ASEP RODIBILAH', 'G 13', 'GB', 'PELAKSANA GUDANG BAHAN', '', '', '', ''),
('00088079', '07109', 'ASEP RUSMANA', 'G 13', 'HR-SAT', 'SATPAM', '', '', '', ''),
('00088080', '04398', 'ASEP RUSYANDI', 'G 11', 'GP', 'PRODUCTION SUPPORTING', '', '', '', ''),
('00088081', '04164', 'ASEP SAEFUL BAHRI', 'G 12', 'HOD', 'OPERATOR', '', '', '', ''),
('00088082', '09409', 'ASEP SAEPUDIN', 'G 12', 'HOD', 'OPERATOR', '', '', '', ''),
('00088085', '06636', 'ASEP SAEPUL RAHMAT', 'G 13', 'HOD', 'PELAKSANA LABEL', '', '', '', ''),
('00088087', '03880', 'ASEP SAEPULLOH', 'G 11', 'HR-SAT', 'SATPAM', '', '', '', ''),
('00088088', '11747', 'ASEP SAEPULLOH', 'G 12', 'GP', 'ADMIN LOGISTIC', '', '', '', ''),
('00088089', '08026', 'ASEP SAEPUROHMAN', 'G 13', 'HOD', 'PELAKSANA - PACKING', '', '', '', ''),
('00088090', '07576', 'ASEP SANUSI', 'G 13', 'HOD', 'PELAKSANA - PACKING', '', '', '', ''),
('00088091', '04205', 'ASEP SOFYAN', 'G 11', 'TEKNIK', 'TEKNISI', '', '', '', ''),
('00088094', '03877', 'ASEP SOMANTRI', 'G 13', 'HR-SAT-KBNG', 'SATPAM', '', '', '', ''),
('00088095', '07290', 'ASEP SUDRAJAT', 'G 12', 'GP', 'DATA ENTRY FINISHED GOODS', '', '', '', ''),
('00088096', '04616', 'ASEP SUHARYADI', 'G 11', 'PET2', 'KEY USER SPS', '', '', '', ''),
('00088097', '12004', 'ASEP SUNANDAR', 'G 12', 'HOD', 'OPERATOR', '', '', '', ''),
('00088098', '04590', 'ASEP SUNARYA', 'G 11', 'PET2', 'TEKNISI TROUBLE SHOOTER INJECTION (1)', '', '', '', ''),
('00088099', '12695', 'ASEP SUPIANDI', 'G 13', 'HR-SAT', 'SATPAM', '', '', '', ''),
('00088100', '16984', 'ASEP SUPRATMAN', 'G 12', 'HOD', 'CHECKER - QC', '', '', '', ''),
('00088103', '11521', 'ASEP SURYANA', 'G 12', 'GB', 'CHECKER - SPARE PART', '', '', '', ''),
('00088105', '07258', 'ASEPUDIN ASEPUDIN', 'G 13', 'PET1', 'PELAKSANA PACKING 1500 ML', '', '', '', ''),
('00088106', '18347', 'ASTRI DIANA SARI', 'G 10', 'SHE', 'KA. SIE ENVIRONMENT', '', '', '', ''),
('00088107', '01623', 'ASTUTI ASTUTI', 'G 12', 'QA', 'PELAKSANA - SAMPLING LAB', '', '', '', ''),
('00088110', '07288', 'ATIH SUTARSIH', 'G 13', 'PET2', 'PELAKSANA VISUAL CONTROL 600 ML AREA 2', '', '', '', ''),
('00088111', '04425', 'ATO SURYANTO', 'G 12', 'PP', 'OPERATOR 240 ML AREA 2', '', '', '', ''),
('00088113', '06763', 'AYI AYIDIN', 'G 12', 'GP', 'CHECKER & OPERATOR FORKLIFT GALLON', '', '', '', ''),
('00088114', '15268', 'AYI GUMILANG', 'G 13', 'HOD', 'PELAKSANA - VISUAL CONTROL', '', '', '', ''),
('00088115', '15142', 'AYI RAHMAT', 'G 11', 'QA', 'STAFF ADMIN REPORTING', '', '', '', ''),
('00088116', '09579', 'AZIZ MUTAQIM', 'G 13', 'GP', 'CHECKER & OPERATOR FORKLIFT 330,600,1500 ML', '', '', '', ''),
('00088117', '05209', 'BABAY BARKAH', 'G 13', 'HOD', 'PELAKSANA - VISUAL CONTROL', '', '', '', ''),
('00088118', '15177', 'BADIUL IHSAN', 'G 13', 'PP', 'PELAKSANA PACKING 240 ML AREA 2', '', '', '', ''),
('00088119', '04081', 'BADRUDIN BADRUDIN', 'G 11', 'TEKNIK', 'TEKNISI', '', '', '', ''),
('00088120', '06643', 'BAMBANG SISWANTO', 'G 12', 'PET2', 'OPERATOR 750 ML', '', '', '', ''),
('00088121', '09547', 'BAMBANG SUGITO', 'G 11', 'TEKNIK', 'TEKNISI', '', '', '', ''),
('00088122', '04593', 'BARNO BARNO', 'G 11', 'PP', 'TEKNISI TROUBLE SHOOTER INJECTION AREA 2', '', '', '', ''),
('00088123', '04653', 'BASUKARDI BASUKARDI', 'G 10', 'GP', 'KA. SIE SUPPORT DELIVERY', '', '', '', ''),
('00088124', '15665', 'BAYU FIRDAUS', 'G 13', 'HOD', 'PELAKSANA - VISUAL CONTROL', '', '', '', ''),
('00088125', '19025', 'BENY SATYAHADI', 'G 10', 'CSR', 'CSR COORDINATOR', '', '', '', ''),
('00088126', '14620', 'BERRY GERINA', 'G 13', 'HR', 'PELAKSANA - UMUM', '', '', '', ''),
('00088127', '11501', 'BILLY DIAN ALAMORY G', 'G 11', 'HOD', 'TEKNISI MAINTENANCE', '', '', '', ''),
('00088130', '06647', 'BRIAN ERNAWAN', 'G 10', 'PERFORMA', 'TECHNICAL SUPPORT', '', '', '', ''),
('00088131', '01357', 'BUANG KURNIANTONO', 'G 11', 'HOD', 'TEKNIK SUPPORT HOD', '', '', '', ''),
('00088132', '09501', 'BUBUN BUNYAMIN', 'G 12', 'HOD', 'OPERATOR', '', '', '', ''),
('00088133', '09548', 'BUDI FERDIAN', 'G 11', 'TEKNIK', 'FOREMAN - TEHNIK', '', '', '', ''),
('00088134', '07114', 'BUDI HANDRIAN', 'G 13', 'HR-SAT', 'SATPAM', '', '', '', ''),
('00088135', '06642', 'BUDI HERMAWAN', 'G 12', 'PP', 'OPERATOR 240 ML AREA 2', '', '', '', ''),
('00088136', '16933', 'BUDI IRAWAN', 'G 13', 'HOD', 'PELAKSANA LABEL', '', '', '', ''),
('00088137', '09345', 'BUDI PRASETIA', 'G 12', 'HOD', 'CHECKER - QC', '', '', '', ''),
('00088139', '09611', 'BUDI SANTOSA', 'G 12', 'GB', 'CHECKER - SPARE PART', '', '', '', ''),
('00088140', '07492', 'BUDI SEHABUDIN', 'G 11', 'PP', 'TEKNISI TROUBLE SHOOTER INJECTION AREA 2', '', '', '', ''),
('00088141', '07287', 'BUDI SETIADJI', 'G 12', 'GP', 'CHECKER & OPERATOR FORKLIFT 240 ML', '', '', '', ''),
('00088142', '15656', 'BUDI SETIAWAN', 'G 12', 'PET1', 'OPERATOR 1500 ML', '', '', '', ''),
('00088143', '04470', 'BUNGBUNG NURPUTRA', 'G 10', 'QA', 'QUALITY ENGINEER', '', '', '', ''),
('00088144', '04188', 'BURHANUDIN BURHANUDIN', 'G 11', 'HOD', 'TEAM LEADER C', '', '', '', ''),
('00088146', '06575', 'CECE SOPIAN', 'G 12', 'HOD', 'OPERATOR', '', '', '', ''),
('00088147', '04586', 'CECE SUKARNA', 'G 12', 'TEKNIK', 'TEKNISI', '', '', '', ''),
('00088148', '08015', 'CECE SUPRIYADI', 'G 13', 'HOD', 'PELAKSANA BELAH BOTOL', '', '', '', ''),
('00088149', '03888', 'CECEP DANCEH', 'G 11', 'PET2', 'PELAKSANA PACKING 600 ML', '', '', '', ''),
('00088151', '08149', 'CECEP MASDIANTO', 'G 12', 'PET2', 'OPERATOR 600 ML AREA 2', '', '', '', ''),
('00088153', '09596', 'CECEP RULI', 'G 12', 'GP', 'CHECKER & OPERATOR FORKLIFT GALLON', '', '', '', ''),
('00088154', '08692', 'CECEP SULAEMAN', 'G 12', 'GP', 'CHECKER & OPERATOR FORKLIFT GALLON', '', '', '', ''),
('00088155', '05497', 'CECEP YUDI SUPRIADI', 'G 10', 'PET2', 'MANUFACTURE SUPERVISOR SHIFT C - SPS', '', '', '', ''),
('00088156', '14839', 'CEP HENDRIYAWAN YOSEP', 'G 12', 'HOD', 'CHECKER - QC', '', '', '', ''),
('00088157', '11677', 'CEP OMAN', 'G 11', 'HR', 'STAFF GA', '', '', '', ''),
('00088158', '09500', 'CEVI HERMAWAN', 'G 12', 'GP', 'CHECKER & OPERATOR FORKLIFT GALLON', '', '', '', ''),
('00088160', '03813', 'CUCU SAEPUDIN', 'G 11', 'HOD', 'USER SAP', '', '', '', ''),
('00088161', '04692', 'CUCU SUHAENAH BT HASAN', 'G 13', 'PP', 'PELAKSANA VISUAL CONTROL 240 ML AREA 2', '', '', '', ''),
('00088162', '07715', 'CUCUP SOPIAN', 'G 12', 'PP', 'OPERATOR 240 ML AREA 2', '', '', '', ''),
('00088164', '07314', 'DADAN HUDAERI', 'G 13', 'GB', 'PELAKSANA GUDANG BAHAN', '', '', '', ''),
('00088165', '05107', 'DADAN JAMALUDIN', 'G 11', 'PERFORMA', 'STAF SIBP / HRIS', '', '', '', ''),
('00088166', '04887', 'DADAN MULYADI', 'G 12', 'GP', 'KEY USER', '', '', '', ''),
('00088167', '04465', 'DADAN RAMDANI', 'G 11', 'PET2', 'TEKNISI TROUBLE SHOOTER INJECTION (1)', '', '', '', ''),
('00088168', '03756', 'DADANG AHMAD FAUZI', 'G 10', 'GP', 'KA. SIE FINISHED GOODS', '', '', '', ''),
('00088169', '11830', 'DADANG HERMAWAN', 'G 12', 'PP', 'OPERATOR 240 ML AREA 2', '', '', '', ''),
('00088170', '04099', 'DADANG ISKANDAR', 'G 11', 'GP', 'DATA ENTRY FINISHED GOODS', '', '', '', ''),
('00088171', '11454', 'DADANG MUHTAR GOJALI', 'G 12', 'PP', 'OPERATOR GABLER AREA 2', '', '', '', ''),
('00088172', '12003', 'DADANG NURDIN', 'G 13', 'HOD', 'PELAKSANA - VISUAL CONTROL', '', '', '', ''),
('00088173', '07712', 'DADANG SOMANTRI', 'G 11', 'TEKNIK', 'TEKNISI', '', '', '', ''),
('00088174', '06610', 'DADANG SUHENDAR', 'G 12', 'HOD', 'OPERATOR', '', '', '', ''),
('00088175', '11761', 'DADANG SUTISNA', 'G 13', 'HOD', 'PELAKSANA - PACKING', '', '', '', ''),
('00088176', '18157', 'DADEN KURNIAWAN', 'G 12', 'HOD', 'CHECKER - QC', '', '', '', ''),
('00088177', '04210', 'DADENG RAHMAT', 'G 11', 'GP', 'DATA ENTRY FINISHED GOODS', '', '', '', ''),
('00088178', '04515', 'DADI HIDAYAT', 'G 13', 'HOD', 'PELAKSANA - PACKING', '', '', '', ''),
('00088179', '11489', 'DANDAN SUPADA', 'G 12', 'GP', 'OPERATOR - FORKLIFT', '', '', '', ''),
('00088180', '11483', 'DANDI ILHAM', 'G 13', 'PP', 'PELAKSANA PACKING 240 ML AREA 2', '', '', '', ''),
('00088181', '09343', 'DANG DUNG HAMDANI', 'G 12', 'GB', 'DATA ENTRY R & P', '', '', '', ''),
('00088182', '07105', 'DANI HAMZAH', 'G 12', 'HR', 'STAFF IR', '', '', '', ''),
('00088183', '16934', 'DANI MARSAL', 'G 12', 'QA', 'CHECKER - PM AND LAB', '', '', '', ''),
('00088184', '14643', 'DANI PRAHADI', 'G 13', 'PP', 'PELAKSANA PACKING 240 ML AREA 2', '', '', '', ''),
('00088185', '03950', 'DANI SUBANDI', 'G 10', 'GP', 'KA. SIE FINISHED GOODS', '', '', '', ''),
('00088186', '02081', 'DARMAWAN DARMAWAN', 'G 11', 'HOD', 'PELAKSANA LABEL', '', '', '', ''),
('00088187', '12005', 'DARWIN PRAYANA', 'G 12', 'HOD', 'OPERATOR', '', '', '', ''),
('00088188', '08690', 'DAYAT DAYAT', 'G 11', 'GP', 'KEY USER', '', '', '', ''),
('00088189', '07222', 'DAYAT HIDAYAT', 'G 11', 'HOD', 'TEAM LEADER B', '', '', '', ''),
('00088190', '03951', 'DAYAT SUPRIATNA', 'G 10', 'HOD', 'MANUFACTURE SUPERVISOR SHIFT B - HOD', '', '', '', ''),
('00088191', '11492', 'DAYATULLAH DAYATULLAH', 'G 13', 'HOD', 'PELAKSANA LABEL', '', '', '', ''),
('00088192', '07980', 'DEDE DARMAWAN', 'G 12', 'PET2', 'OPERATOR 750 ML', '', '', '', ''),
('00088193', '06923', 'DEDE HERDIANA', 'G 12', 'PET2', 'OPERATOR 750 ML', '', '', '', ''),
('00088194', '11615', 'DEDE IIN', 'G 13', 'PET2', 'PELAKSANA VISUAL CONTROL 600 ML AREA 2', '', '', '', ''),
('00088195', '14538', 'DEDE ISKANDAR', 'G 13', 'HOD', 'PELAKSANA - VISUAL CONTROL', '', '', '', ''),
('00088196', '16983', 'DEDE JAENUDIN', 'G 13', 'HOD', 'PELAKSANA - PACKING', '', '', '', ''),
('00088197', '06657', 'DEDE LIKNA', 'G 12', 'HOD', 'OPERATOR', '', '', '', ''),
('00088198', '11542', 'DEDE PRAMUTADI', 'G 10', 'TEKNIK', 'MAINTENANCE PLANNER', '', '', '', ''),
('00088199', '16889', 'DEDE RAMDANI', 'G 11', 'TEKNIK', 'TEKNISI', '', '', '', ''),
('00088200', '00867', 'DEDE RUKMAN', 'G 12', 'GP', 'OPERATOR - FORKLIFT', '', '', '', ''),
('00088201', '07248', 'DEDE RUKMANA', 'G 12', 'GP', 'CHECKER & OPERATOR FORKLIFT 240 ML', '', '', '', ''),
('00088206', '07469', 'DEDE ZAENAL ABIDIN', 'G 11', 'TEKNIK', 'FOREMAN - TEHNIK', '', '', '', ''),
('00088207', '16760', 'DEDEN ABDULLAH', 'G 12', 'PP', 'OPERATOR 240 ML AREA 2', '', '', '', ''),
('00088209', '04615', 'DEDEN DERMAWAN', 'G 11', 'HOD', 'TEKNIK SUPPORT HOD', '', '', '', ''),
('00088210', '08014', 'DEDEN HILMAN', 'G 12', 'PP', 'OPERATOR 240 ML AREA 2', '', '', '', ''),
('00088211', '04464', 'DEDEN LILI PERMANA', 'G 10', 'HOD', 'MAINTENANCE ENGINEER SUPERVISOR', '', '', '', ''),
('00088212', '15266', 'DEDEN RAHMAT', 'G 13?', 'HOD', 'PELAKSANA - PACKING', '', '', '', ''),
('00088213', '07237', 'DEDI ABDUL ROSAD', 'G 12', 'PET2', 'OPERATOR HUSKY 600 ML AREA 2', '', '', '', ''),
('00088214', '04198', 'DEDI GUNAWAN', 'G 13', 'HOD', 'PELAKSANA TREATMENT', '', '', '', ''),
('00088215', '14621', 'DEDI HIDAYAT', 'G 13', 'HOD', 'PELAKSANA - VISUAL CONTROL', '', '', '', ''),
('00088218', '07337', 'DEDI MUHARAM', 'G 10', 'HOD', 'MAINTENANCE ENGINEER SUPERVISOR', '', '', '', ''),
('00088219', '04392', 'DEDI NURYAMAN', 'G 10', 'PET2', 'MAINTENANCE ENGINEER SUPERVISOR', '', '', '', ''),
('00088221', '04405', 'DEDI RIDWAN', 'G 11', 'PET2', 'TEKNISI MAINTENANCE', '', '', '', ''),
('00088222', '07448', 'DEDI SUKIRMAN', 'G 13', 'GP', 'CHECKER & OPERATOR FORKLIFT GALLON', '', '', '', ''),
('00088223', '09688', 'DEDI SUPARDI', 'G 10', 'TEKNIK', 'MAINTENANCE ENGINEER SUPERVISOR', '', '', '', ''),
('00088225', '06633', 'DEDI SUPRIYADI', 'G 12', 'GP', 'CHECKER & OPERATOR FORKLIFT 330,600,1500 ML', '', '', '', ''),
('00088226', '11491', 'DEDI SUPRIYADI', 'G 13', 'PET1', 'PACKING MULTIPACK (1)', '', '', '', ''),
('00088227', '04149', 'DEDI SURYADI', 'G 11', 'GP', 'DATA ENTRY FINISHED GOODS', '', '', '', ''),
('00088228', '12081', 'DEDI SURYADI', 'G 11', 'TEKNIK', 'TEKNISI', '', '', '', ''),
('00088229', '06965', 'DELI SUPRIATNA', 'G 10', 'PP', 'MANUFACTURING SUPERVISOR PP', '', '', '', ''),
('00088230', '11757', 'DENDI WAHYU PERMANA', 'G 12', 'GP', 'CHECKER & OPERATOR FORKLIFT GALLON', '', '', '', ''),
('00088232', '08007', 'DENI ANDRIANI', 'G 12', 'PP', 'OPERATOR 240 ML AREA 2', '', '', '', ''),
('00088234', '08141', 'DENI B', 'G 12', 'QA', 'PELAKSANA - MICROBIOLOGI', '', '', '', ''),
('00088235', '14687', 'DENI DARMAWAN', 'G 13', 'HOD', 'PELAKSANA - VISUAL CONTROL', '', '', '', ''),
('00088236', '08045', 'DENI DENI', 'G 10', 'PET1', 'MAINTENANCE ENGINEER SUPERVISOR', '', '', '', ''),
('00088237', '03766', 'DENI FIRMANSYAH', 'G 10', 'GP', 'SUPERVISOR PPIC', '', '', '', ''),
('00088239', '11528', 'DENI HAMDANI', 'G 13', 'HOD', 'PELAKSANA - PACKING', '', '', '', ''),
('00088240', '08000', 'DENI HENDRAWAN', 'G 12', 'PP', 'OPERATOR 240 ML AREA 2', '', '', '', ''),
('00088242', '07746', 'DENI JUNAENI', 'G 13', 'PET2', 'PELAKSANA PACKING 750 ML', '', '', '', ''),
('00088244', '06634', 'DENI LIYUSWANDI', 'G 12', 'PET2', 'OPERATOR 600 ML AREA 2', '', '', '', ''),
('00088245', '14900', 'DENI NASRIANA', 'G 12', 'HOD', 'OPERATOR', '', '', '', ''),
('00088246', '07768', 'DENI RAHMAT HIDAYAT', 'G 12', 'GP', 'COC', '', '', '', ''),
('00088247', '07250', 'DENI RAMDHANI', 'G 10', 'PET1', 'MANUFACTURE SUPERVISOR SHIFT C - SPS', '', '', '', ''),
('00088248', '09644', 'DENI SETIAWAN', 'G 11', 'GP', 'COC', '', '', '', ''),
('00088249', '07594', 'DENI SOMANTRI', 'G 12', 'GP', 'CHECKER & OPERATOR FORKLIFT GALLON', '', '', '', ''),
('00088250', '03754', 'DENI SUNANDAR', 'G 10', 'GP', 'KA. SIE FINISHED GOODS', '', '', '', ''),
('00088251', '15276', 'DENI YAOMAL BASAR', 'G 13', 'PET1', 'PACKING MULTIPACK (1)', '', '', '', ''),
('00088253', '09511', 'DENY FATHUROHMAN', 'G 12', 'GB', 'DATA ENTRY R & P', '', '', '', ''),
('00088254', '09614', 'DEPI DEPI', 'G 12', 'GP', 'CHECKER & OPERATOR FORKLIFT 330,600,1500 ML', '', '', '', ''),
('00088255', '16978', 'DEPI TAMA ATMAJA', 'G 12', 'HOD', 'OPERATOR', '', '', '', ''),
('00088256', '06604', 'DERI BUDIARSAH', 'G 12', 'GP', 'OPERATOR - FORKLIFT', '', '', '', ''),
('00088257', '04462', 'DERI HARDANI', 'G 12', 'PET1', 'OPERATOR HUSKY 1500 ML (1)', '', '', '', ''),
('00088258', '11835', 'DERI PERMANA', 'G 13', 'HOD', 'PELAKSANA - VISUAL CONTROL', '', '', '', ''),
('00088261', '09327', 'DEVI SUSILAWATI', 'G 12', 'QA', 'PELAKSANA - MICROBIOLOGI', '', '', '', ''),
('00088262', '04693', 'DEWI BINTI HIDAYAT', 'G 13', 'HOD', 'PELAKSANA - VISUAL CONTROL', '', '', '', ''),
('00088263', '07338', 'DEWI KARTIKA', 'G 13', 'HOD', 'PELAKSANA - VISUAL CONTROL', '', '', '', ''),
('00088264', '11523', 'DIAN CAHYONO', 'G 10', 'PET2', 'PROCESS ENGINEER SUPERVISOR', '', '', '', ''),
('00088265', '05630', 'DIAN LISNAVIATI', 'G 10', 'PERFORMA', 'PLANT ADMINISTRATION', '', '', '', ''),
('00088266', '11732', 'DIAN MARDIANA', 'G 12', 'PET1', 'OPERATOR HUSKY 1500 ML (1)', '', '', '', ''),
('00088267', '07292', 'DIAN SUDIANA', 'G 12', 'GP', 'CHECKER & OPERATOR FORKLIFT 330,600,1500 ML', '', '', '', ''),
('00088268', '11723', 'DIANSYAH DIANSYAH', 'G 12', 'PET2', 'OPERATOR 600 ML AREA 2', '', '', '', ''),
('00088269', '15141', 'DIAZ ANDAKA', 'G 12', 'GP', 'OPERATOR - FORKLIFT', '', '', '', ''),
('00088270', '15272', 'DICKY MAULANA GINANJAR', 'G 13', 'PET2', 'PELAKSANA PACKING 600 ML', '', '', '', ''),
('00088271', '09503', 'DIDEN DARUSALAM', 'G 13', 'HOD', 'PELAKSANA - PACKING', '', '', '', ''),
('00088272', '04587', 'DIDI BIN ULING', 'G 11', 'HOD', 'TEKNIK SUPPORT HOD', '', '', '', ''),
('00088273', '11647', 'DIDI SUMIADI', 'G 13', 'HR-SAT', 'SATPAM', '', '', '', ''),
('00088274', '07247', 'DIDI SUPRIADI', 'G 12', 'GP', 'CHECKER & OPERATOR FORKLIFT GALLON', '', '', '', ''),
('00088275', '11482', 'DIDIH SUKARDI', 'G 12', 'PP', 'OPERATOR GABLER AREA 2', '', '', '', ''),
('00088276', '07948', 'DIDIK ISMADI', 'G 12', 'PET2', 'OPERATOR 600 ML AREA 2', '', '', '', ''),
('00088278', '11999', 'DIDIN JAMALUDIN', 'G 13', 'HOD', 'PELAKSANA - PACKING', '', '', '', ''),
('00088279', '07277', 'DIDIN JUNISAR', 'G 13', 'PP', 'PELAKSANA PACKING 240 ML AREA 2', '', '', '', ''),
('00088281', '04418', 'DIDIN MAHPUDDIN', 'G 12', 'GP', 'CHECKER & OPERATOR FORKLIFT GALLON', '', '', '', ''),
('00088283', '04434', 'DIDIN WAHYUDIN', 'G 11', 'PET2', 'TEKNISI MAINTENANCE', '', '', '', ''),
('00088284', '01265', 'DIDING DIDING', 'G 10', 'TEKNIK', 'FACILITY SUPERVISOR', '', '', '', ''),
('00088285', '14730', 'DIDIT MAULANA', 'G 13', 'HOD', 'PELAKSANA - PACKING', '', '', '', ''),
('00088286', '09599', 'DIGDO SURONO', 'G 11', 'QA', 'CHECKER - PM AND LAB', '', '', '', ''),
('00088288', '11652', 'DIKKY WIDYASMARA', 'G 12', 'QA', 'CHECKER - PM AND LAB', '', '', '', ''),
('00088289', '06431', 'DIMAN SUDARMANTO', 'G 11', 'TEKNIK', 'TEKNISI', '', '', '', ''),
('00088291', '05024', 'DINDIN ARDIANI SALEH', 'G 10', 'QA', 'QUALITY ENGINEER', '', '', '', ''),
('00088292', '16982', 'DINDIN JALALUDIN', 'G 12', 'HOD', 'OPERATOR', '', '', '', ''),
('00088293', '05579', 'DODI DODI', 'G 12', 'QA', 'PELAKSANA - SAMPLING LAB', '', '', '', ''),
('00088296', '07452', 'DODI JUNAEDI', 'G 13', 'HOD', 'PELAKSANA BELAH BOTOL', '', '', '', ''),
('00088297', '06953', 'DONI MEIDINAHARA', 'G 12', 'PET2', 'OPERATOR 600 ML AREA 2', '', '', '', ''),
('00088299', '09359', 'DUDEN HIDAYAT', 'G 11', 'QA', 'CHECKER - PM AND LAB', '', '', '', ''),
('00088301', '14290', 'DWI HARYADI', 'G 12', 'QA', 'CHECKER - PM AND LAB', '', '', '', ''),
('00088302', '07261', 'DWI NOWO SUJONO WASTO', 'G 12', 'HOD', 'TEKNISI MAINTENANCE', '', '', '', ''),
('00088303', '15545', 'DWI PRIANTO', 'G 12', 'HOD', 'OPERATOR', '', '', '', ''),
('00088305', '08009', 'EDAM DAMIRI', 'G 12', 'HOD', 'CHECKER - QC', '', '', '', ''),
('00088306', '11539', 'EDI ALAMSYAH', 'G 12', 'HOD', 'CHECKER - QC', '', '', '', ''),
('00088307', '11668', 'EDI JUNAEDI', 'G 13', 'PP', 'PELAKSANA PACKING 240 ML AREA 2', '', '', '', ''),
('00088308', '09512', 'EDI KURNIAWAN ALAMSYAH', 'G 12', 'GP', 'CHECKER & OPERATOR FORKLIFT GALLON', '', '', '', ''),
('00088309', '14704', 'EDI NURAFENDI', 'G 12', 'PET2', 'OPERATOR HUSKY 600 ML AREA 2', '', '', '', ''),
('00088311', '09581', 'EDI SOPIAN', 'G 13', 'HOD', 'PELAKSANA - VISUAL CONTROL', '', '', '', ''),
('00088314', '11667', 'EDI SUPRIADI', 'G 12', 'PP', 'OPERATOR GABLER AREA 2', '', '', '', ''),
('00088315', '04196', 'EDI YUSUP', 'G 11', 'HOD', 'TEKNIK SUPPORT HOD', '', '', '', ''),
('00088316', '15294', 'EDRIAN MULAWARMAN', 'G 13', 'GB', 'PELAKSANA GUDANG BAHAN', '', '', '', ''),
('00088317', '11669', 'EDWAR JUNIARHAM', 'G 10', 'GP', 'KA. SIE FINISHED GOODS', '', '', '', ''),
('00088318', '01919', 'EDY JUNAEDI', 'G 10', 'GB', 'SUPERVISOR R & P', '', '', '', ''),
('00088319', '03882', 'EJAY JAELANI', 'G 11', 'PP', 'KEY USER AREA 2', '', '', '', ''),
('00088320', '12080', 'EKA CAHYA', 'G 13', 'HR-SAT', 'SATPAM', '', '', '', ''),
('00088321', '15660', 'EKA NOPIANA', 'G 12', 'HOD', 'OPERATOR', '', '', '', ''),
('00088322', '14320', 'EKO APRIYANTO', 'G 13', 'PP', 'PELAKSANA PACKING 240 ML AREA 2', '', '', '', ''),
('00088323', '09513', 'EKO FAIZAL PERMANA', 'G 12', 'QA', 'CHECKER - PM AND LAB', '', '', '', ''),
('00088324', '07297', 'ELA NURLAELA', 'G 13', 'PET2', 'PELAKSANA VISUAL CONTROL 600 ML AREA 2', '', '', '', ''),
('00088325', '03768', 'ELANG DIRGANTARA', 'G 11', 'TEKNIK', 'TEKNISI', '', '', '', ''),
('00088326', '06875', 'ELANG SWASIS', 'G 12', 'GP', 'ADMIN LOGISTIC', '', '', '', ''),
('00088327', '07391', 'ELI MURLIHAT', 'G 13', 'HOD', 'PELAKSANA - VISUAL CONTROL', '', '', '', ''),
('00088328', '11546', 'EMALIA EMALIA', 'G 13', 'HOD', 'PELAKSANA - VISUAL CONTROL', '', '', '', ''),
('00088330', '16928', 'EMUL MAULANA', 'G 13', 'PET1', 'PACKING MULTIPACK (1)', '', '', '', ''),
('00088331', '02131', 'ENCE ENCE', 'G 11', 'QA', 'CHECKER - PM AND LAB', '', '', '', ''),
('00088333', '11471', 'ENCEP FIRMAN', 'G 13', 'HR', 'PELAKSANA - UMUM', '', '', '', ''),
('00088334', '08895', 'ENCEP KOMARUDIN', 'G 11', 'GP', 'COC', '', '', '', ''),
('00088336', '11731', 'ENDANG ENDANG', 'G 13', 'PP', 'PELAKSANA PACKING 240 ML AREA 2', '', '', '', ''),
('00088337', '07580', 'ENDANG GUNAWAN', 'G 11', 'PP', 'KEY USER AREA 2', '', '', '', ''),
('00088339', '07578', 'ENDANG HIDAYAT', 'G 12', 'GP', 'CHECKER & OPERATOR FORKLIFT 330,600,1500 ML', '', '', '', ''),
('00088341', '04478', 'ENDANG NASRUDIN', 'G 11', 'HOD', 'KEY USER - HOD', '', '', '', ''),
('00088343', '05264', 'ENDANG SUHENDAR', 'G 10', 'PET1', 'MANUFACTURE SUPERVISOR SHIFT C - SPS', '', '', '', ''),
('00088344', '07236', 'ENDANG SUKARJI', 'G 12', 'PET2', 'OPERATOR 600 ML AREA 2', '', '', '', ''),
('00088345', '03493', 'ENDANG SUMINTA', 'G 12', 'QA', 'CHECKER - PM AND LAB', '', '', '', ''),
('00088347', '04397', 'ENDANG SUPRIATNA', 'G 10', 'HOD', 'TREATMENT & BELAH GALON SUPERVISOR', '', '', '', ''),
('00088348', '11657', 'ENDANG SUTARDI', 'G 13', 'PET1', 'PACKING MULTIPACK (1)', '', '', '', ''),
('00088349', '03967', 'ENDE SOPANDI', 'G 11', 'TEKNIK', 'TEKNISI', '', '', '', ''),
('00088350', '04059', 'ENDEN HADIANTO', 'G 11', 'TEKNIK', 'FOREMAN - TEHNIK', '', '', '', ''),
('00088351', '11762', 'ENDI HIDAYAT', 'G 13', 'HOD', 'PELAKSANA - PACKING', '', '', '', ''),
('00088352', '15626', 'ENDI SUHANDI', 'G 13', 'HOD', 'PELAKSANA BELAH BOTOL', '', '', '', ''),
('00088354', '14549', 'ENDI SUNENDI', 'G 13', 'HOD', 'PELAKSANA LABEL', '', '', '', ''),
('00088355', '11759', 'ENDIN SAMSUDIN', 'G 12', 'HOD', 'OPERATOR', '', '', '', ''),
('00088357', '09591', 'ENDIN ZAENUDIN', 'G 12', 'PET1', 'USER SAP SPS', '', '', '', ''),
('00088358', '05077', 'ENTIS SUTISNA', 'G 12', 'GP', 'CHECKER & OPERATOR FORKLIFT GALLON', '', '', '', ''),
('00088359', '07365', 'ENTIS SUTISNA', 'G 12', 'PET1', 'OPERATOR HUSKY 1500 ML (1)', '', '', '', ''),
('00088361', '11461', 'EPI SAEFUL BAHRI', 'G 12', 'HOD', 'CHECKER - QC', '', '', '', ''),
('00088362', '11499', 'EPUL SAEPUL BAHRI', 'G 12', 'GB', 'CHECKER RAW MATERIAL & AFVAL', '', '', '', ''),
('00088363', '04432', 'ERA BONAVITA', 'G 10', 'HOD', 'MANUFACTURE SUPERVISOR SHIFT B - HOD', '', '', '', ''),
('00088364', '16932', 'ERI IRAWAN', 'G 13', 'PET1', 'PACKING MULTIPACK (1)', '', '', '', ''),
('00088366', '11457', 'ERIK RIKWANDI', 'G 13', 'HOD', 'PELAKSANA - PACKING', '', '', '', ''),
('00088367', '09676', 'ERMAN PERMANA', 'G 11', 'TEKNIK', 'TEKNISI', '', '', '', ''),
('00088369', '03769', 'ERNAWATY ERNAWATY', 'G 12', 'QA', 'ANALYST HYDROTECH', '', '', '', ''),
('00088370', '09603', 'ERPAN BUDIAWAN', 'G 12', 'QA', 'CHECKER - PM AND LAB', '', '', '', ''),
('00088371', '08038', 'ERWANSYAH ERWANSYAH', 'G 12', 'PP', 'OPERATOR GABLER AREA 2', '', '', '', ''),
('00088372', '04882', 'ERWIN KUSAERI', 'G 11', 'PET2', 'TEKNISI TROUBLE SHOOTER INJECTION (1)', '', '', '', ''),
('00088374', '16641', 'EVI HAMBALI', 'G 12', 'HOD', 'OPERATOR', '', '', '', ''),
('00088375', '11787', 'EYEN SUHENDRA', 'G 12', 'HR', 'PELAKSANA - UMUM', '', '', '', ''),
('00088376', '11509', 'FAISAL YUSUP', 'G 12', 'HOD', 'USER SAP', '', '', '', ''),
('00088377', '11662', 'FAJAR CAHYONO', 'G 11', 'HR', 'STAFF GA', '', '', '', ''),
('00088380', '08157', 'FERDIANSYAH FERDIANSYAH', 'G 12', 'PET1', 'OPERATOR 1500 ML', '', '', '', ''),
('00088381', '04168', 'FERI FIRMANSYAH', 'G 12', 'QA', 'CHECKER - PM AND LAB', '', '', '', ''),
('00088382', '09656', 'FERI PERMADI', 'G 12', 'GP', 'DATA ENTRY FINISHED GOODS', '', '', '', ''),
('00088383', '09605', 'FERI PERMANA', 'G 13', 'HOD', 'PELAKSANA - PACKING', '', '', '', ''),
('00088384', '11659', 'FERIANA ENDANG', 'G 12', 'HOD', 'OPERATOR', '', '', '', ''),
('00088385', '11687', 'FERRY ARDIANSYAH', 'G 12', 'PP', 'OPERATOR 240 ML AREA 2', '', '', '', ''),
('00088386', '09578', 'FERRY ISWAHYUDI', 'G 12', 'GP', 'CHECKER & OPERATOR FORKLIFT GALLON', '', '', '', ''),
('00088387', '11456', 'FIRLI ALAMSYAH', 'G 12', 'PET2', 'USER SAP SPS', '', '', '', ''),
('00088388', '15430', 'FIRMAN MAULANA', 'G 11', 'HOD', 'TEKNIK SUPPORT HOD', '', '', '', ''),
('00088389', '06379', 'FIRMAN MUNTAQO', 'G 12', 'QA', 'CHECKER - PM AND LAB', '', '', '', ''),
('00088390', '15063', 'FIRMAN NUR FIRDAUS', 'G 13', 'HR-SAT-KBNG', 'SATPAM', '', '', '', ''),
('00088391', '11685', 'FIRMAN PRIATNA', 'G 13', 'PP', 'PELAKSANA PACKING 240 ML AREA 2', '', '', '', ''),
('00088393', '06635', 'GANDI GANDI', 'G 12', 'PET1', 'OPERATOR 1500 ML', '', '', '', ''),
('00088394', '15291', 'GARI GARI', 'G 13', 'GP', 'CHECKER & OPERATOR FORKLIFT GALLON', '', '', '', ''),
('00088395', '11786', 'GATOT AFTRIDIANTO', 'G 12', 'GP', 'DATA ENTRY FINISHED GOODS', '', '', '', ''),
('00088396', '06567', 'GINA ISMIARTI', 'G 13', 'HOD', 'PELAKSANA - VISUAL CONTROL', '', '', '', ''),
('00088397', '09481', 'GINANJAR RAMDAN', 'G 12', 'QA', 'CHECKER - PM AND LAB', '', '', '', ''),
('00088398', '10087', 'GOPUR ISMAIL', 'G 12', 'TEKNIK', 'TEKNISI', '', '', '', ''),
('00088399', '07390', 'GUGI GINANJAR', 'G 11', 'PET2', 'TEKNISI MAINTENANCE', '', '', '', ''),
('00088400', '05495', 'GUNAWAN MUHAMAD WIJAYA', 'G 12', 'GP', 'OPERATOR - FORKLIFT', '', '', '', ''),
('00088403', '09355', 'HADI SURYADI', 'G 12', 'HOD', 'CHECKER - QC', '', '', '', ''),
('00088404', '06879', 'HADIS MUSLIM', 'G 10', 'PP', 'PROCESS ENGINEER SUPERVISOR AREA 2', '', '', '', ''),
('00088407', '03975', 'HAMDULLOH HAMDULLOH', 'G 12', 'GP', 'CHECKER & OPERATOR FORKLIFT 240 ML', '', '', '', ''),
('00088408', '07285', 'HAMZAH HERMANSYAH', 'G 12', 'PP', 'OPERATOR 240 ML AREA 2', '', '', '', ''),
('00088409', '14297', 'HARI BAMBANG SUMANTRI', 'G 12', 'PET2', 'OPERATOR 600 ML AREA 2', '', '', '', ''),
('00088410', '07470', 'HARIAWAN WIJAYA', 'G 11', 'GP', 'PRODUCTION SUPPORTING', '', '', '', ''),
('00088411', '06611', 'HARIS SUGANDI', 'G 12', 'GP', 'CHECKER & OPERATOR FORKLIFT GALLON', '', '', '', ''),
('00088412', '15270', 'HARIYADI HARIYADI', 'G 13', 'PP', 'PELAKSANA PACKING 240 ML AREA 2', '', '', '', ''),
('00088413', '11792', 'HARLI ALFIAN', 'G 13', 'HOD', 'PELAKSANA - VISUAL CONTROL', '', '', '', ''),
('00088414', '09358', 'HARUN FACHRUDIN', 'G 12', 'GP', 'CHECKER & OPERATOR FORKLIFT GALLON', '', '', '', ''),
('00088416', '15282', 'HASAN SOPIYAN', 'G 13', 'HOD', 'PELAKSANA - VISUAL CONTROL', '', '', '', ''),
('00088418', '04719', 'HASANUDIN SETIAWAN', 'G 12', 'HOD', 'OPERATOR', '', '', '', ''),
('00088419', '07479', 'HATTA PRAWITA', 'G 12', 'PP', 'OPERATOR 240 ML AREA 2', '', '', '', ''),
('00088420', '07999', 'HEMRIS NABABAN', 'G 12', 'PP', 'OPERATOR 240 ML AREA 2', '', '', '', ''),
('00088421', '07745', 'HENDARDI HENDARDI', 'G 13', 'GP', 'CHECKER & OPERATOR FORKLIFT GALLON', '', '', '', ''),
('00088422', '04436', 'HENDI SUHENDI', 'G 13', 'HOD', 'PELAKSANA - PACKING', '', '', '', ''),
('00088423', '09607', 'HENDI SUPRIADI', 'G 13', 'PET1', 'PELAKSANA PACKING 1500 ML', '', '', '', ''),
('00088424', '07262', 'HENDI SUPRIATNA', 'G 12', 'GP', 'CHECKER & OPERATOR FORKLIFT GALLON', '', '', '', ''),
('00088425', '09499', 'HENDI YUSUP PERMANA', 'G 12', 'GP', 'CHECKER & OPERATOR FORKLIFT GALLON', '', '', '', ''),
('00088426', '11714', 'HENDRA FAZRIA', 'G 12', 'PET2', 'OPERATOR 750 ML', '', '', '', ''),
('00088427', '04419', 'HENDRA GUNAWAN', 'G 11', 'PET2', 'TEKNISI TROUBLE SHOOTER INJECTION (1)', '', '', '', ''),
('00088429', '11765', 'HENDRA HENDRA', 'G 12', 'PET1', 'OPERATOR 1500 ML', '', '', '', ''),
('00088431', '09353', 'HENDRA SUKARDI', 'G 13', 'HOD', 'PELAKSANA - PACKING', '', '', '', ''),
('00088432', '07495', 'HENDRA SUTISNA', 'G 12', 'HR', 'TEKNISI', '', '', '', ''),
('00088433', '11638', 'HENDRIK KURNIAWAN', 'G 12', 'PET2', 'OPERATOR 600 ML AREA 2', '', '', '', ''),
('00088434', '07305', 'HERDI FITRIADI', 'G 12', 'GP', 'CHECKER & OPERATOR FORKLIFT 240 ML', '', '', '', ''),
('00088435', '14689', 'HERDIANA ARIFIN', 'G 13', 'HOD', 'PELAKSANA - PACKING', '', '', '', ''),
('00088436', '07246', 'HERI ALFIN SAPUTRA', 'G 12', 'QA', 'CHECKER - PM AND LAB', '', '', '', ''),
('00088438', '15678', 'HERI HERI', 'G 13', 'PET1', 'PELAKSANA PACKING 1500 ML', '', '', '', ''),
('00088439', '07111', 'HERI HERIANSYAH HIDAYAT', 'G 11', 'HR', 'COMPENSATION & BENEFIT STAFF', '', '', '', ''),
('00088440', '09347', 'HERI KURNIAWAN', 'G 12', 'HOD', 'CHECKER - QC', '', '', '', ''),
('00088441', '11750', 'HERI NURSARI', 'G 13', 'HOD', 'PELAKSANA - PACKING', '', '', '', ''),
('00088442', '07371', 'HERI PURWANTO', 'G 12', 'HOD', 'CHECKER - QC', '', '', '', ''),
('00088443', '06270', 'HERI SUCIPTO', 'G 12', 'GP', 'DATA ENTRY FINISHED GOODS', '', '', '', ''),
('00088444', '09562', 'HERI SAPTANI', 'G 11', 'PP', 'KEY USER AREA 2', '', '', '', ''),
('00088445', '06936', 'HERI SUHAERI', 'G 12', 'GP', 'CHECKER & OPERATOR FORKLIFT GALLON', '', '', '', ''),
('00088446', '11446', 'HERI SUHERI', 'G 10', 'TEKNIK', 'MAINTENANCE PLANNER', '', '', '', ''),
('00088447', '08685', 'HERIYANA HERIYANA', 'G 12', 'GP', 'DATA ENTRY FINISHED GOODS', '', '', '', ''),
('00088448', '03034', 'HERMAN HERMAWAN', 'G 12', 'GP', 'CHECKER & OPERATOR FORKLIFT 330,600,1500 ML', '', '', '', ''),
('00088449', '07747', 'HERMAN SUHERMAN', 'G 13', 'HOD', 'PELAKSANA - VISUAL CONTROL', '', '', '', ''),
('00088451', '09402', 'HERU SOPANDI', 'G 12', 'GP', 'CHECKER & OPERATOR FORKLIFT GALLON', '', '', '', ''),
('00088452', '16926', 'HERU SUPRIATNA', 'G 13', 'HOD', 'PELAKSANA - PACKING', '', '', '', ''),
('00088453', '05006', 'HERU SURYA GUNARA', 'G 12', 'HOD', 'OPERATOR', '', '', '', ''),
('00088454', '04889', 'HIDAYATULLAH HIDAYATULLAH', 'G 12', 'GP', 'CHECKER & OPERATOR FORKLIFT GALLON', '', '', '', ''),
('00088456', '06641', 'HIKMAT GUNAWAN', 'G 13', 'HR-SAT', 'SATPAM', '', '', '', ''),
('00088457', '11556', 'HILMAN HILMAWAN', 'G 12', 'PET2', 'OPERATOR 750 ML', '', '', '', ''),
('00088458', '14152', 'HILMAN MULYANA', 'G 13', 'HR-SAT-KBNG', 'SATPAM', '', '', '', ''),
('00088459', '11769', 'HITONO HITONO', 'G 13', 'HOD', 'PELAKSANA - VISUAL CONTROL', '', '', '', ''),
('00088465', '07480', 'II SUKIMAN', 'G 12', 'HOD', 'CHECKER - QC', '', '', '', ''),
('00088466', '11686', 'IIS LISNAWATI', 'G 13', 'PP', 'PELAKSANA VISUAL CONTROL 240 ML AREA 2', '', '', '', ''),
('00088467', '11550', 'IIS MARYATI', 'G 13', 'HOD', 'PELAKSANA - VISUAL CONTROL', '', '', '', ''),
('00088468', '07283', 'IIS RIANA', 'G 13', 'HOD', 'PELAKSANA - VISUAL CONTROL', '', '', '', ''),
('00088469', '07266', 'IJANG ABDUL KARIM', 'G 13', 'PP', 'PELAKSANA PACKING 240 ML AREA 2', '', '', '', ''),
('00088470', '11552', 'IKEU MULYATI', 'G 13', 'PP', 'PELAKSANA VISUAL CONTROL 240 ML AREA 2', '', '', '', ''),
('00088472', '11793', 'ILAN SUHERLAN', 'G 13', 'HOD', 'PELAKSANA - PACKING', '', '', '', ''),
('00088473', '11479', 'ILMANUDIN ILMANUDIN', 'G 13', 'HOD', 'PELAKSANA - PACKING', '', '', '', ''),
('00088474', '08023', 'IMAN DARMAWAN', 'G 12', 'HOD', 'OPERATOR', '', '', '', ''),
('00088475', '07293', 'IMAN RAHMAN', 'G 12', 'HR', 'STAFF', '', '', '', ''),
('00088476', '05496', 'IMAN SULAEMAN', 'G 11', 'PET2', 'KEY USER SPS', '', '', '', ''),
('00088477', '11767', 'INDRA DARMAWAN', 'G 12', 'HR-SAT', 'SATPAM', '', '', '', ''),
('00088478', '09597', 'INDRA HADIWIJAYA SETIAWAN', 'G 11', 'PET1', 'TEKNISI MAINTENANCE', '', '', '', ''),
('00088479', '14840', 'INDRA JULIANA', 'G 12', 'PP', 'OPERATOR GABLER AREA 2', '', '', '', ''),
('00088480', '11498', 'INDRA PAHLA', 'G 12', 'PET2', 'OPERATOR 600 ML AREA 2', '', '', '', ''),
('00088481', '11705', 'INDRA PERMADI', 'G 13', 'PP', 'PELAKSANA PACKING 240 ML AREA 2', '', '', '', ''),
('00088482', '07301', 'INDRA PURNANDI', 'G 13', 'PP', 'PELAKSANA PACKING 240 ML AREA 2', '', '', '', ''),
('00088483', '07440', 'IPAN PANDI WIJAYA', 'G 12', 'PP', 'OPERATOR GABLER AREA 2', '', '', '', ''),
('00088484', '16644', 'IPANG HARYADI', 'G 13', 'HOD', 'PELAKSANA - VISUAL CONTROL', '', '', '', ''),
('00088485', '07368', 'IPAY RIVAI', 'G 12', 'PET2', 'OPERATOR 600 ML AREA 2', '', '', '', ''),
('00088486', '11449', 'IRPAN NASRULLAH', 'G 12', 'GP', 'CHECKER & OPERATOR FORKLIFT GALLON', '', '', '', ''),
('00088487', '06569', 'IRMA NURLAELA', 'G 10', 'HR', 'DEVELOPMENT AND RECRUITMENT OFFICER', '', '', '', ''),
('00088488', '07671', 'IRMA RESINTA', 'G 13', 'PET2', 'PELAKSANA VISUAL CONTROL 600 ML AREA 2', '', '', '', ''),
('00088489', '11624', 'IRMAN FIRMANSYAH', 'G 13', 'PP', 'PELAKSANA PACKING 240 ML AREA 2', '', '', '', ''),
('00088490', '03897', 'IRMAYANTI IRMAYANTI', 'G 13', 'HR', 'PELAKSANA - UMUM', '', '', '', ''),
('00088491', '11699', 'IRMAYANTI IRMAYANTI', 'G 13', 'HOD', 'PELAKSANA - VISUAL CONTROL', '', '', '', ''),
('00088493', '15663', 'IRPAN ROPIANDI', 'G 13', 'HOD', 'PELAKSANA - VISUAL CONTROL', '', '', '', ''),
('00088494', '14729', 'IRPAN SAEPUL RAHMAN', 'G 13', 'HOD', 'PELAKSANA - PACKING', '', '', '', ''),
('00088497', '11801', 'ISKANDAR ISKANDAR', 'G 12', 'PET2', 'OPERATOR 750 ML', '', '', '', ''),
('00088498', '11818', 'ISMAIL ARFANSYAH', 'G 13', 'HOD', 'PELAKSANA TREATMENT', '', '', '', ''),
('00088499', '07384', 'ISMAIL ISMAIL', 'G 13', 'HOD', 'PELAKSANA LABEL', '', '', '', ''),
('00088501', '14151', 'ISMAIL YAKUB', 'G 12', 'GB', 'DATA ENTRY R & P', '', '', '', ''),
('00088502', '15537', 'ISMAN AHMAD TOPANI', 'G 13', 'HOD', 'PELAKSANA - PACKING', '', '', '', ''),
('00088503', '03949', 'ISMATULLOH ISMATULLOH', 'G 10', 'HOD', 'MANUFACTURE SUPERVISOR SHIFT A - HOD', '', '', '', ''),
('00088504', '04013', 'ISTIKOMAH ISTIKOMAH', 'G 12', 'QA', 'PELAKSANA - MICROBIOLOGI', '', '', '', ''),
('00088506', '07973', 'IWAN IWAN', 'G 10', 'PET2', 'MANUFACTURE SUPERVISOR SHIFT C - SPS', '', '', '', ''),
('00088507', '11481', 'IWAN JUANDA', 'G 13', 'HOD', 'PELAKSANA - VISUAL CONTROL', '', '', '', ''),
('00088508', '03883', 'IWAN KURNIAWAN', 'G 12', 'PP', 'KEY USER AREA 2', '', '', '', ''),
('00088509', '08044', 'IWAN KURNIAWAN', 'G 12', 'GB', 'CHECKER RAW MATERIAL & AFVAL', '', '', '', ''),
('00088510', '09561', 'IWAN KURNIAWAN', 'G 13', 'HOD', 'PELAKSANA - PACKING', '', '', '', ''),
('00088511', '11784', 'IWAN KURNIAWAN', 'G 12', 'GP', 'KEY USER', '', '', '', ''),
('00088513', '07218', 'IWAN MUHAMAD RIDWAN', 'G 10', 'QA', 'QUALITY CUSTOMER & CONSUMER', '', '', '', ''),
('00088514', '03759', 'IWAN SETIAWAN', 'G 10', 'HOD', 'MANUFACTURE SUPERVISOR SHIFT B - HOD', '', '', '', ''),
('00088515', '05470', 'IWAN SETIAWAN', 'G 12', 'GP', 'CHECKER & OPERATOR FORKLIFT 330,600,1500 ML', '', '', '', ''),
('00088516', '07259', 'IWAN SETIAWAN', 'G 11', 'TEKNIK', 'TEKNISI', '', '', '', ''),
('00088517', '07474', 'IWAN SETIAWAN', 'G 11', 'HR', 'STAFF IR', '', '', '', ''),
('00088519', '11516', 'IWAN SETIAWAN', 'G 13', 'HR', 'PELAKSANA - UMUM', '', '', '', ''),
('00088520', '11752', 'IWAN SETIAWAN', 'G 13', 'HOD', 'PELAKSANA - PACKING', '', '', '', ''),
('00088522', '08162', 'IWANSYAH MUCHSININ', 'G 13', 'HR-SAT', 'SATPAM', '', '', '', ''),
('00088523', '08142', 'IYAN SOPIAN', 'G 12', 'HOD', 'OPERATOR', '', '', '', ''),
('00088524', '03976', 'IYAN SOPIAN BIN JAKA', 'G 12', 'GP', 'CHECKER & OPERATOR FORKLIFT GALLON', '', '', '', ''),
('00088525', '13035', 'IYANG SUPARLAN', 'G 13', 'HR-SAT', 'SATPAM', '', '', '', ''),
('00088526', '07238', 'IYOD SIROJUDIN', 'G 12', 'PET2', 'OPERATOR HUSKY 600 ML AREA 2', '', '', '', ''),
('00088527', '08037', 'IYUS RUSDIANA', 'G 12', 'PP', 'OPERATOR 240 ML AREA 2', '', '', '', ''),
('00088529', '11707', 'IYUS YUSUF FADILAH', 'G 12', 'GP', 'CHECKER & OPERATOR FORKLIFT GALLON', '', '', '', ''),
('00088530', '07278', 'IYUS YUSUP', 'G 13', 'HR', 'PELAKSANA - UMUM', '', '', '', ''),
('00088531', '11706', 'JAINAL ARIFIN', 'G 12', 'PET2', 'OPERATOR 750 ML', '', '', '', ''),
('00088532', '02630', 'JAJANG JAELANI', 'G 12', 'PET1', 'OPERATOR HUSKY 1500 ML (1)', '', '', '', ''),
('00088535', '07595', 'JAJANG SUTISNA', 'G 13', 'HOD', 'PELAKSANA - PACKING', '', '', '', ''),
('00088536', '08016', 'JAJANG YUSUF TAHYAN', 'G 12', 'HOD', 'PELAKSANA LABEL', '', '', '', ''),
('00088537', '06274', 'JAJAT SUDRAJAT', 'G 11', 'GP', 'PRODUCTION SUPPORTING', '', '', '', ''),
('00088538', '11730', 'JAJAT SUDRAJAT', 'G 12', 'PP', 'OPERATOR GABLER AREA 2', '', '', '', ''),
('00088539', '09357', 'JALALUDIN JALALUDIN', 'G 13', 'HR-SAT', 'SATPAM', '', '', '', ''),
('00088540', '07573', 'JAMAL SASTRA WIGUNA', 'G 11', 'PP', 'TEKNISI TROUBLE SHOOTER INJECTION AREA 2', '', '', '', ''),
('00088541', '11575', 'JAMALUDIN JAMALUDIN', 'G 13', 'HR-SAT', 'SATPAM', '', '', '', ''),
('00088542', '07260', 'JAMALUDIN SETIAWAN', 'G 12', 'HR-SAT', 'SATPAM', '', '', '', '');
INSERT INTO `m_employee` (`share_id`, `nik`, `employee_name`, `gol`, `neo_sku`, `posisi_by_sunfish`, `username`, `password`, `level_akses`, `status_job`) VALUES
('00088543', '03757', 'JANA SUJANA', 'G 12', 'GP', 'CHECKER & OPERATOR FORKLIFT 330,600,1500 ML', '', '', '', ''),
('00088544', '04374', 'JANA SUJANA', 'G 11', 'PP', 'TEKNISI TROUBLE SHOOTER INJECTION AREA 2', '', '', '', ''),
('00088545', '11996', 'JANIH FAHRUDIN', 'G 13', 'HOD', 'PELAKSANA - PACKING', '', '', '', ''),
('00088546', '15140', 'JANUAR ISKANDAR', 'G 12', 'HOD', 'OPERATOR', '', '', '', ''),
('00088547', '07449', 'JAPARUDIN JAPARUDIN', 'G 13', 'PP', 'PELAKSANA PACKING 240 ML AREA 2', '', '', '', ''),
('00088548', '12001', 'JAYA SUMPENA', 'G 12', 'HR', 'PELAKSANA - UMUM', '', '', '', ''),
('00088549', '09502', 'JEFRI MUHAMAD KRISNA', 'G 13', 'HOD', 'PELAKSANA - VISUAL CONTROL', '', '', '', ''),
('00088551', '09413', 'JEJEN ZAENUDIN', 'G 12', 'QA', 'PELAKSANA - SAMPLING LAB', '', '', '', ''),
('00088553', '03812', 'JUARSAH JUARSAH', 'G 10', 'HR', 'GENERAL AFFAIR OFFICER', '', '', '', ''),
('00088554', '08075', 'JUBELI JUBELI', 'G 10', 'PP', 'MANUFACTURING SUPERVISOR PP', '', '', '', ''),
('00088555', '06660', 'JUBENNI JUBENNI', 'G 13', 'HOD', 'PELAKSANA - VISUAL CONTROL', '', '', '', ''),
('00088557', '04135', 'JUJUN JUNAEDI', 'G 12', 'HR-SAT', 'SATPAM', '', '', '', ''),
('00088558', '04062', 'JULBETRI JULBETRI', 'G 11', 'QA', 'ANALYST MICROBIOLOGI', '', '', '', ''),
('00088560', '04618', 'JUNAEDI ABDULLAH', 'G 12', 'PET2', 'OPERATOR HUSKY 600 ML AREA 2', '', '', '', ''),
('00088561', '04592', 'JUNAEDI JUNAEDI', 'G 12', 'PET2', 'USER SAP SPS', '', '', '', ''),
('00088563', '07265', 'JUPRI JUPRI', 'G 12', 'PET2', 'OPERATOR 600 ML AREA 2', '', '', '', ''),
('00088564', '03098', 'JURIAH JURIAH', 'G 13', 'PP', 'PELAKSANA VISUAL CONTROL 240 ML AREA 2', '', '', '', ''),
('00088567', '04750', 'KEWON KEWON', 'G 11', 'TEKNIK', 'TEKNISI', '', '', '', ''),
('00088568', '08678', 'KHAERUL ANWAR', 'G 13', 'GB', 'PELAKSANA GUDANG BAHAN', '', '', '', ''),
('00088569', '04156', 'KIKI RIPKI', 'G 12', 'PP', 'OPERATOR 240 ML AREA 2', '', '', '', ''),
('00088570', '15281', 'KLIEF HEROLD KAPANTOW', 'G 13', 'PP', 'PELAKSANA PACKING 240 ML AREA 2', '', '', '', ''),
('00088572', '00735', 'KRIS SUBIAKTO', 'G 11', 'TEKNIK', 'TEKNISI', '', '', '', ''),
('00088574', '06659', 'KUSNADI KUSNADI', 'G 12', 'HOD', 'OPERATOR', '', '', '', ''),
('00088576', '03818', 'KUSWARDI KUSWARDI', 'G 11', 'TEKNIK', 'TEKNISI', '', '', '', ''),
('00088577', '09610', 'LANI RUSLANI', 'G 12', 'GP', 'DATA ENTRY FINISHED GOODS', '', '', '', ''),
('00088579', '08040', 'LENI KURNIAWATI', 'G 13', 'PP', 'PELAKSANA VISUAL CONTROL 240 ML AREA 2', '', '', '', ''),
('00088581', '04437', 'LILI ROHILI', 'G 11', 'HOD', 'TEKNIK SUPPORT HOD', '', '', '', ''),
('00088583', '03959', 'LILIH SOLIHAT', 'G 13', 'HOD', 'PELAKSANA - VISUAL CONTROL', '', '', '', ''),
('00088584', '08134', 'LILIK HARTOTO', 'G 10', 'TEKNIK', 'MAINTENANCE ENGINEER SUPERVISOR', '', '', '', ''),
('00088585', '07386', 'LILIS HOLISOH', 'G 13', 'HOD', 'PELAKSANA - VISUAL CONTROL', '', '', '', ''),
('00088586', '11554', 'LINGGA SUKMARA', 'G 12', 'HOD', 'CHECKER - QC', '', '', '', ''),
('00088588', '09528', 'LUCKY EFENDI', 'G 12', 'GP', 'CHECKER & OPERATOR FORKLIFT GALLON', '', '', '', ''),
('00088589', '15628', 'LUCKY RIZKI PRIBADI', 'G 12', 'HOD', 'OPERATOR', '', '', '', ''),
('00088591', '04612', 'LUKMAN SURYADI', 'G 12', 'GP', 'CHECKER & OPERATOR FORKLIFT 330,600,1500 ML', '', '', '', ''),
('00088592', '04115', 'LUKMANUL HAKIM', 'G 10', 'PET2', 'MANUFACTURE SUPERVISOR SHIFT C - SPS', '', '', '', ''),
('00088593', '04888', 'LUTFI MANFALUTFI', 'G 11', 'TEKNIK', 'TEKNISI', '', '', '', ''),
('00088594', '15655', 'LUTFI UMBARA', 'G 13', 'HOD', 'CHECKER - QC', '', '', '', ''),
('00088595', '09583', 'LUXI TRI WIDIARTI', 'G 13', 'HOD', 'PELAKSANA - VISUAL CONTROL', '', '', '', ''),
('00088596', '04114', 'M ABDULSOMAD M Z', 'G 12', 'GP', 'CHECKER & OPERATOR FORKLIFT GALLON', '', '', '', ''),
('00088597', '03948', 'M ANGGA WARGASASMITA', 'G 10', 'PP', 'MANUFACTURING SUPERVISOR PP', '', '', '', ''),
('00088598', '07244', 'M WAHYUDIN', 'G 12', 'GP', 'CHECKER & OPERATOR FORKLIFT GALLON', '', '', '', ''),
('00088599', '11698', 'M ZEN', 'G 12', 'GP', 'DATA ENTRY FINISHED GOODS', '', '', '', ''),
('00088600', '04145', 'MADTUHA MADTUHA', 'G 11', 'PP', 'KEY USER AREA 2', '', '', '', ''),
('00088601', '08071', 'MAHMUDIN NURUL FAZRI', 'G 11', 'HR', 'STAFF GA', '', '', '', ''),
('00088602', '02133', 'MAHPUDIN MAHPUDIN', 'G 12', 'GP', 'CHECKER & OPERATOR FORKLIFT GALLON', '', '', '', ''),
('00088605', '06563', 'MAMAN SUPARMAN', 'G 13', 'HOD', 'PELAKSANA - VISUAL CONTROL', '', '', '', ''),
('00088606', '09504', 'MAMAN SUPARMAN', 'G 13', 'HOD', 'PELAKSANA - PACKING', '', '', '', ''),
('00088607', '11573', 'MAMAN SUPARMAN', 'G 12', 'PET2', 'OPERATOR 600 ML AREA 2', '', '', '', ''),
('00088609', '07587', 'MAMAT RAHMAT', 'G 12', 'GP', 'CHECKER & OPERATOR FORKLIFT GALLON', '', '', '', ''),
('00088611', '03790', 'MAMAT SUPRIATNA', 'G 12', 'GP', 'PRODUCTION SUPPORTING', '', '', '', ''),
('00088613', '09408', 'MARDI MARDI', 'G 11', 'QA', 'ANALYST INCOMING MATERIAL', '', '', '', ''),
('00088614', '07221', 'MARIA MAYYUNI HADIJAH', 'G 12', 'QA', 'PELAKSANA - MICROBIOLOGI', '', '', '', ''),
('00088617', '06644', 'MAULANA MAULANA', 'G 13', 'HOD', 'PELAKSANA BELAH BOTOL', '', '', '', ''),
('00088618', '08163', 'MAULANA MAULANA', 'G 13', 'HR-SAT', 'SATPAM', '', '', '', ''),
('00088619', '03764', 'MAULANI MAULANI', 'G 11', 'TEKNIK', 'TEKNISI', '', '', '', ''),
('00088621', '16715', 'MEGA RANGGA', 'G 12', 'PET2', 'OPERATOR HUSKY 600 ML AREA 2', '', '', '', ''),
('00088622', '11504', 'MEMET ISKANDAR', 'G 12', 'QA', 'CHECKER - PM AND LAB', '', '', '', ''),
('00088623', '07588', 'MERI MERLINDA', 'G 13', 'PET2', 'PELAKSANA VISUAL CONTROL 600 ML AREA 2', '', '', '', ''),
('00088625', '07393', 'MIDA DAYARI', 'G 12', 'GP', 'CHECKER & OPERATOR FORKLIFT GALLON', '', '', '', ''),
('00088627', '04694', 'MILAH NURMILAH', 'G 13', 'HOD', 'PELAKSANA LABEL', '', '', '', ''),
('00088628', '06275', 'MIMIN RUKMINI BTSUMARDI', 'G 13', 'HOD', 'PELAKSANA - VISUAL CONTROL', '', '', '', ''),
('00088630', '11756', 'MIPTAH MIPTAH', 'G 13', 'HOD', 'PELAKSANA - PACKING', '', '', '', ''),
('00088631', '07369', 'MISBAHUDIN MISBAHUDIN', 'G 12', 'PET1', 'OPERATOR 1500 ML', '', '', '', ''),
('00088632', '11558', 'MISBAHUDIN MISBAHUDIN', 'G 12', 'GP', 'CHECKER & OPERATOR FORKLIFT 330,600,1500 ML', '', '', '', ''),
('00088634', '11524', 'MOCH YAHYA', 'G 12', 'GP', 'CHECKER & OPERATOR FORKLIFT GALLON', '', '', '', ''),
('00088636', '15273', 'MOHAMAD AFANDI', 'G 13', 'HOD', 'PELAKSANA - PACKING', '', '', '', ''),
('00088637', '08158', 'MOHAMAD DAHLAN', 'G 13', 'HR', 'PELAKSANA - UMUM', '', '', '', ''),
('00088638', '04170', 'MOHAMMAD FAJAR SISWANTO', 'G 11', 'HR-SAT', 'SECURITY LEADER', '', '', '', ''),
('00088639', '16960', 'MOHAMAD SANDI PARYANDI', 'G 13', 'HOD', 'PELAKSANA - PACKING', '', '', '', ''),
('00088640', '14641', 'MOHAMAD YAMIN', 'G 13', 'HOD', 'PELAKSANA - PACKING', '', '', '', ''),
('00088641', '08254', 'MOHAMMAD MALIK', 'G 12', 'HOD', 'OPERATOR', '', '', '', ''),
('00088643', '11666', 'MUDRIKAH MUDRIKAH', 'G 13', 'HOD', 'PELAKSANA - VISUAL CONTROL', '', '', '', ''),
('00088646', '15651', 'MUHAMAD MUKLIS', 'G 12', 'HOD', 'USER SAP', '', '', '', ''),
('00088647', '09484', 'MUHAMAD RIYAD', 'G 11', 'PP', 'TEKNISI TROUBLE SHOOTER INJECTION AREA 2', '', '', '', ''),
('00088648', '11631', 'MUHAMMAD HIDAYATULLAH', 'G 13', 'HOD', 'PELAKSANA - PACKING', '', '', '', ''),
('00088649', '16682', 'MUHAMMAD IKBAL', 'G 13', 'HOD', 'PELAKSANA - PACKING', '', '', '', ''),
('00088650', '07309', 'MUHAMMAD ITIJI', 'G 12', 'GP', 'CHECKER & OPERATOR FORKLIFT GALLON', '', '', '', ''),
('00088651', '11632', 'MUHAMMAD JAUHARI ARIFIEN', 'G 12', 'PP', 'OPERATOR GABLER AREA 2', '', '', '', ''),
('00088652', '08041', 'MUHAMMAD LUKMAN HAKIM', 'G 12', 'PET1', 'USER SAP SPS', '', '', '', ''),
('00088653', '05594', 'MUHAMMAD MUHAMMAD', 'G 10', 'GP', 'KA. SIE FINISHED GOODS', '', '', '', ''),
('00088654', '15279', 'MULYADI ARIPIN', 'G 12', 'GP', 'OPERATOR - FORKLIFT', '', '', '', ''),
('00088655', '06961', 'MULYADI B', 'G 12', 'HOD', 'OPERATOR', '', '', '', ''),
('00088656', '04391', 'MULYADI HASIBUAN', 'G 11', 'PET2', 'TEKNISI TROUBLE SHOOTER INJECTION (1)', '', '', '', ''),
('00088657', '09485', 'MULYADI JAYA SAPUTRA', 'G 12', 'GB', 'DATA ENTRY R & P', '', '', '', ''),
('00088659', '09360', 'MULYADI MULYADI', 'G 13', 'HOD', 'PELAKSANA - PACKING', '', '', '', ''),
('00088660', '03815', 'MULYAHADI MULYAHADI', 'G 12', 'QA', 'ANALYST HYDROTECH', '', '', '', ''),
('00088661', '05311', 'MULYANA MULYANA', 'G 12', 'GP', 'CHECKER & OPERATOR FORKLIFT GALLON', '', '', '', ''),
('00088662', '08034', 'MUNAJATTULOH MUNAJATTULOH', 'G 12', 'GP', 'CHECKER & OPERATOR FORKLIFT GALLON', '', '', '', ''),
('00088663', '06762', 'MUSIRAN MUSIRAN', 'G 11', 'HOD', 'TEKNISI MAINTENANCE', '', '', '', ''),
('00088665', '04079', 'NANA SUHANA', 'G 12', 'GP', 'CHECKER & OPERATOR FORKLIFT 330,600,1500 ML', '', '', '', ''),
('00088666', '03889', 'NANA SUMARNA', 'G 10', 'PP', 'MANUFACTURING SUPERVISOR PP', '', '', '', ''),
('00088667', '06653', 'NANA SUPIANA', 'G 12', 'PET2', 'OPERATOR 750 ML', '', '', '', ''),
('00088668', '09330', 'NANANG KURNIAWAN', 'G 12', 'HOD', 'CHECKER - QC', '', '', '', ''),
('00088671', '11578', 'NANDANG PARYANA', 'G 12', 'HOD', 'OPERATOR', '', '', '', ''),
('00088674', '06571', 'NANI YUSNITA', 'G 13', 'HR', 'OPERATOR TELEPON', '', '', '', ''),
('00088675', '07716', 'NANIN HIDAYAT', 'G 13', 'HR', 'PELAKSANA - UMUM', '', '', '', ''),
('00088676', '09527', 'NANO HINDRIARTO', 'G 12', 'GP', 'CHECKER & OPERATOR FORKLIFT GALLON', '', '', '', ''),
('00088677', '15069', 'NASEHUDIN NASEHUDIN', 'G 12', 'QA', 'ANALYST HYDROTECH', '', '', '', ''),
('00088679', '03816', 'NENG LENI KENDIAH', 'G 10', 'QA', 'KA. SIE QUALITY SYSTEM', '', '', '', ''),
('00088683', '07582', 'NITA GUSTIANTI', 'G 13', 'PET2', 'PELAKSANA VISUAL CONTROL 600 ML AREA 2', '', '', '', ''),
('00088685', '08013', 'NUNUNG SUPRIYATNA', 'G 12', 'PET2', 'OPERATOR 600 ML AREA 2', '', '', '', ''),
('00088686', '11656', 'NUNUS SANUSI', 'G 13', 'PP', 'PELAKSANA PACKING 240 ML AREA 2', '', '', '', ''),
('00088687', '06914', 'NUR MISWANTO', 'G 12', 'GP', 'CHECKER & OPERATOR FORKLIFT GALLON', '', '', '', ''),
('00088688', '14680', 'NURGIRI NURGIRI', 'G 13', 'HR-SAT', 'SATPAM', '', '', '', ''),
('00088689', '09403', 'NURIDA NURIDA', 'G 13', 'HOD', 'PELAKSANA - VISUAL CONTROL', '', '', '', ''),
('00088690', '18359', 'NURSAN MARISMA OCLANDIS', 'G 13', 'PET2', 'PELAKSANA PACKING 600 ML', '', '', '', ''),
('00088691', '11758', 'NYAI IMAS', 'G 13', 'HOD', 'PELAKSANA - VISUAL CONTROL', '', '', '', ''),
('00088695', '11467', 'ODANG SUDRAJAT', 'G 12', 'HOD', 'CHECKER - QC', '', '', '', ''),
('00088696', '11755', 'ODIH ODIH', 'G 13', 'HOD', 'PELAKSANA - VISUAL CONTROL', '', '', '', ''),
('00088697', '11813', 'ODING ODING', 'G 13', 'PP', 'PELAKSANA PACKING 240 ML AREA 2', '', '', '', ''),
('00088698', '11645', 'OKA SUDRAJAT', 'G 12', 'PET2', 'OPERATOR 600 ML AREA 2', '', '', '', ''),
('00088699', '07363', 'OKI IRAWAN', 'G 11', 'HOD', 'TEKNIK SUPPORT HOD', '', '', '', ''),
('00088700', '09404', 'OKY SETIA NUGRAHA', 'G 13', 'HR-SAT-KBNG', 'SATPAM', '', '', '', ''),
('00088701', '11565', 'OLIH SOLIHAT', 'G 13', 'PP', 'PELAKSANA VISUAL CONTROL 240 ML AREA 2', '', '', '', ''),
('00088702', '07744', 'OMANG KOMARUDIN', 'G 13', 'PET2', 'PELAKSANA PACKING 600 ML', '', '', '', ''),
('00088703', '08180', 'OMAR WIJAYA', 'G 10', 'PP', 'MANUFACTURING SUPERVISOR PP', '', '', '', ''),
('00088704', '07585', 'ONENG RATNASARI', 'G 13', 'PP', 'PELAKSANA VISUAL CONTROL 240 ML AREA 2', '', '', '', ''),
('00088705', '16683', 'OVI MULDIAN', 'G 12', 'HOD', 'OPERATOR', '', '', '', ''),
('00088706', '00758', 'OYAN ROYANI', 'G 11', 'TEKNIK', 'TEKNISI', '', '', '', ''),
('00088707', '11623', 'OYO SAMSUDIN', 'G 12', 'GP', 'CHECKER & OPERATOR FORKLIFT GALLON', '', '', '', ''),
('00088708', '07593', 'PADILAH PADILAH', 'G 13', 'HR-SAT', 'SATPAM', '', '', '', ''),
('00088711', '04646', 'PEPEN SUPENDI', 'G 11', 'TEKNIK', 'TEKNISI', '', '', '', ''),
('00088712', '11745', 'PEPEN SUPENDI', 'G 13', 'HOD', 'PELAKSANA LABEL', '', '', '', ''),
('00088713', '08030', 'PIPIK FIRMANSYAH', 'G 13', 'HOD', 'PELAKSANA BELAH BOTOL', '', '', '', ''),
('00088714', '00821', 'POPON PATIMAH', 'G 11', 'QA', 'ANALYST MICROBIOLOGI', '', '', '', ''),
('00088716', '08894', 'PURWADI PURWADI', 'G 10', 'GP', 'MATERIAL PLANNER', '', '', '', ''),
('00088717', '15275', 'R FIRMAN KUSUMAMIHARJA', 'G 12', 'PET2', 'OPERATOR 750 ML', '', '', '', ''),
('00088718', '03755', 'R YAYA SUNARYA', 'G 11', 'GP', 'DATA ENTRY FINISHED GOODS', '', '', '', ''),
('00088719', '04174', 'RACHMAN AGUSTIAN B ASEP', 'G 11', 'PET2', 'TEKNISI TROUBLE SHOOTER INJECTION (1)', '', '', '', ''),
('00088720', '06648', 'RADI SUTAMA', 'G 11', 'PP', 'TEKNISI TROUBLE SHOOTER INJECTION AREA 2', '', '', '', ''),
('00088721', '09587', 'RAHDIANSYAH RAHDIANSYAH', 'G 12', 'HOD', 'OPERATOR', '', '', '', ''),
('00088722', '04637', 'RAHMAD DANIL', 'G 11', 'TEKNIK', 'TEKNISI', '', '', '', ''),
('00088723', '05368', 'RAHMAD SUPRIYONO', 'G 10', 'HR', 'COMPENSATION AND BENEFIT OFFICER', '', '', '', ''),
('00088724', '04471', 'RAHMAT BIN DAMAN', 'G 12', 'QA', 'CHECKER - PM AND LAB', '', '', '', ''),
('00088726', '08159', 'RAHMAT HIDAYAT', 'G 12', 'TEKNIK', 'TEKNISI', '', '', '', ''),
('00088728', '06272', 'RAHMAT RIANA', 'G 12', 'QA', 'CHECKER - PM AND LAB', '', '', '', ''),
('00088729', '15629', 'RAHMAT SOFYAN', 'G 12', 'GP', 'KEY USER', '', '', '', ''),
('00088731', '09498', 'RAHMATULLOH RAHMATULLOH', 'G 13', 'HOD', 'PELAKSANA LABEL', '', '', '', ''),
('00088732', '11549', 'RAHMAWATI RAHMAWATI', 'G 13', 'PP', 'PELAKSANA VISUAL CONTROL 240 ML AREA 2', '', '', '', ''),
('00088734', '15652', 'RAMDAN ZULFIKRI', 'G 12', 'TEKNIK', 'TEKNISI', '', '', '', ''),
('00088736', '09346', 'RAMLAN YULISAR', 'G 12', 'PET1', 'OPERATOR HUSKY 1500 ML (1)', '', '', '', ''),
('00088737', '11545', 'RANI SUSIANI', 'G 13', 'PP', 'PELAKSANA VISUAL CONTROL 240 ML AREA 2', '', '', '', ''),
('00088738', '15293', 'RAPIH OKTOPRIADY', 'G 12', 'QA', 'ANALYST KIMIA - FISIKA', '', '', '', ''),
('00088739', '07617', 'RASLIMAN JAYA DIHARJA', 'G 12', 'HOD', 'OPERATOR', '', '', '', ''),
('00088740', '03817', 'RATNA NINGSIH', 'G 12', 'QA', 'PELAKSANA - MICROBIOLOGI', '', '', '', ''),
('00088741', '03898', 'RATNA SUMINAR BT MAMAD', 'G 13', 'HOD', 'PELAKSANA - VISUAL CONTROL', '', '', '', ''),
('00088742', '16974', 'RD ROCHMATUL HIMIYARI', 'G 10', 'HOD', 'PROCESS ENGINEER SUPERVISOR - HOD', '', '', '', ''),
('00088743', '11804', 'REINA ANDIANA', 'G 13', 'PP', 'PELAKSANA VISUAL CONTROL 240 ML AREA 2', '', '', '', ''),
('00088744', '03823', 'RELA GUNAWAN', 'G 10', 'HOD', 'MANUFACTURE SUPERVISOR SHIFT C - HOD', '', '', '', ''),
('00088745', '08029', 'REMANDRI REMANDRI', 'G 12', 'QA', 'CHECKER - PM AND LAB', '', '', '', ''),
('00088746', '11729', 'RENGGA ARYA WINATA', 'G 12', 'GP', 'OPERATOR - FORKLIFT', '', '', '', ''),
('00088747', '09645', 'RENI DIAN HAERANI', 'G 13', 'HOD', 'PELAKSANA - VISUAL CONTROL', '', '', '', ''),
('00088748', '11692', 'RENI PUSPITASARI', 'G 12', 'GP', 'DATA ENTRY FINISHED GOODS', '', '', '', ''),
('00088749', '11693', 'RENI UBAIDILAH', 'G 12', 'GP', 'DATA ENTRY FINISHED GOODS', '', '', '', ''),
('00088751', '04167', 'RICKI SYIMANJAYA', 'G 11', 'TEKNIK', 'DATA ANALYST', '', '', '', ''),
('00088752', '14642', 'RICKY KURNIAWAN', 'G 13', 'HOD', 'PELAKSANA BELAH BOTOL', '', '', '', ''),
('00088754', '07191', 'RIDA NUGRAHA', 'G 11', 'PET2', 'TEKNISI TROUBLE SHOOTER INJECTION (1)', '', '', '', ''),
('00088755', '15049', 'RIDWAN RIDWAN', 'G 13', 'HOD', 'PELAKSANA - PACKING', '', '', '', ''),
('00088756', '16885', 'RIDWAN SAFARI', 'G 13', 'HOD', 'PELAKSANA - PACKING', '', '', '', ''),
('00088757', '06880', 'RIJAL JAENUDIN', 'G 12', 'GB', 'CHECKER RAW MATERIAL & AFVAL', '', '', '', ''),
('00088758', '11816', 'RIK RIK RISKONDA', 'G 12', 'HOD', 'OPERATOR', '', '', '', ''),
('00088759', '11700', 'RIKA KARTIKA', 'G 13', 'PET2', 'PELAKSANA VISUAL CONTROL 600 ML AREA 2', '', '', '', ''),
('00088760', '16929', 'RIKI AGUSTIAN', 'G 13', 'PP', 'PELAKSANA PACKING 240 ML AREA 2', '', '', '', ''),
('00088761', '18158', 'RIKI ROHENDI', 'G 13', 'HOD', 'PELAKSANA - PACKING', '', '', '', ''),
('00088762', '11463', 'RIKO TAURINO', 'G 12', 'HOD', 'USER SAP', '', '', '', ''),
('00088765', '11567', 'RINI JUNIAWATI', 'G 13', 'PET2', 'PELAKSANA VISUAL CONTROL 600 ML AREA 2', '', '', '', ''),
('00088766', '08002', 'RINI MARINI', 'G 12', 'GP', 'DATA ENTRY FINISHED GOODS', '', '', '', ''),
('00088767', '12784', 'RISAD UTOMO', 'G 13', 'HR-SAT-KBNG', 'SATPAM', '', '', '', ''),
('00088768', '03814', 'RISYANTO RISYANTO', 'G 11', 'PP', 'KEY USER AREA 2', '', '', '', ''),
('00088769', '04080', 'RIYANTO RIYANTO', 'G 10', 'HOD', 'MANUFACTURE SUPERVISOR SHIFT C - HOD', '', '', '', ''),
('00088770', '06582', 'RIYANTO RIYANTO', 'G 12', 'PET2', 'OPERATOR 750 ML', '', '', '', ''),
('00088771', '14537', 'RIZAL KOESWARA', 'G 12', 'HOD', 'CHECKER - QC', '', '', '', ''),
('00088772', '14686', 'RIZAL KURNIA HUSADA', 'G 13', 'PP', 'PELAKSANA PACKING 240 ML AREA 2', '', '', '', ''),
('00088773', '11445', 'RIZAL RIZAL', 'G 12', 'GP', 'CHECKER & OPERATOR FORKLIFT GALLON', '', '', '', ''),
('00088774', '08145', 'RIZKI JANUAR SOPAR', 'G 12', 'PERFORMA', 'STAF SIBP / HRIS', '', '', '', ''),
('00088775', '11663', 'RIZKY GUMBIRA', 'G 11', 'PERFORMA', 'STAF SIBP / HRIS', '', '', '', ''),
('00088777', '04155', 'ROHIM ARIFIN', 'G 12', 'PET2', 'OPERATOR 600 ML AREA 2', '', '', '', ''),
('00088778', '04166', 'ROHMAN ROHMAN', 'G 12', 'PP', 'KEY USER AREA 2', '', '', '', ''),
('00088780', '11515', 'RUBY FIRDAUS', 'G 11', 'PET2', 'TEKNISI TROUBLE SHOOTER INJECTION (1)', '', '', '', ''),
('00088781', '20994', 'RUDDY BAIHAQI', 'G 10', 'PERFORMA', 'TECHNICAL SUPPORT', '', '', '', ''),
('00088782', '09479', 'RUDI ADE HIDAYAT', 'G 12', 'HR-SAT', 'SATPAM', '', '', '', ''),
('00088783', '07253', 'RUDI HADI SUARNA', 'G 13', 'HOD', 'PELAKSANA - PACKING', '', '', '', ''),
('00088785', '14841', 'RUDIYANTO RUDIYANTO', 'G 13', 'HOD', 'PELAKSANA - VISUAL CONTROL', '', '', '', ''),
('00088786', '03811', 'RUHIYAT RUHIYAT', 'G 12', 'HOD', 'OPERATOR', '', '', '', ''),
('00088787', '11771', 'RUKMANA RUKMANA', 'G 13', 'HOD', 'PELAKSANA - PACKING', '', '', '', ''),
('00088788', '11798', 'RULLI ARSIP PAWAN', 'G 13', 'HR-SAT', 'SATPAM', '', '', '', ''),
('00088789', '03760', 'RULLI SUDARMAWAN', 'G 12', 'PET2', 'OPERATOR 600 ML AREA 2', '', '', '', ''),
('00088790', '04403', 'RULLYANTO RULLYANTO', 'G 11', 'PET2', 'TEKNISI MAINTENANCE', '', '', '', ''),
('00088791', '14337', 'RUSDI PEBRIANSAH', 'G 13', 'HR-SAT', 'SATPAM', '', '', '', ''),
('00088792', '05000', 'RUSKANDI RUSKANDI', 'G 12', 'HR-SAT', 'SATPAM', '', '', '', ''),
('00088793', '18360', 'RUSLAN JAELANI', 'G 12', 'PET1', 'USER SAP SPS', '', '', '', ''),
('00088794', '06602', 'RUSLI PALATEHAN', 'G 12', 'GP', 'CHECKER & OPERATOR FORKLIFT GALLON', '', '', '', ''),
('00088795', '11537', 'RUSMAN SOLIHIN', 'G 13', 'HOD', 'PELAKSANA - PACKING', '', '', '', ''),
('00088796', '15138', 'RUSMAWAN ZULKIFLI', 'G 12', 'HOD', 'OPERATOR', '', '', '', ''),
('00088797', '08008', 'RUSTAM EFFENDI', 'G 10', 'PERFORMA', 'TECHNICAL SUPPORT', '', '', '', ''),
('00088798', '06564', 'RUSTAM MULYANA', 'G 11', 'PP', 'TEKNISI TROUBLE SHOOTER INJECTION AREA 2', '', '', '', ''),
('00088799', '06350', 'RUSTANI ABDULLAH', 'G 12', 'GP', 'CHECKER & OPERATOR FORKLIFT GALLON', '', '', '', ''),
('00088800', '12164', 'RUSWANDI RUSWANDI', 'G 13', 'HOD', 'PELAKSANA - PACKING', '', '', '', ''),
('00088801', '14288', 'RUSWANDI RUSWANDI', 'G 13', 'HOD', 'PELAKSANA - PACKING', '', '', '', ''),
('00088802', '05080', 'SAEFUDIN BIN SUKANDI', 'G 12', 'PET2', 'OPERATOR 600 ML AREA 2', '', '', '', ''),
('00088803', '07748', 'SAEFUL BAHRI', 'G 12', 'PET1', 'OPERATOR 1500 ML', '', '', '', ''),
('00088804', '08693', 'SAEFUL RAMDAN', 'G 12', 'GP', 'CHECKER & OPERATOR FORKLIFT GALLON', '', '', '', ''),
('00088806', '07863', 'SAEPUDIN SAEPUDIN', 'G 11', 'HR-SAT', 'SECURITY LEADER', '', '', '', ''),
('00088807', '09594', 'SAEPUDIN SAEPUDIN', 'G 13', 'HOD', 'PELAKSANA - PACKING', '', '', '', ''),
('00088808', '11993', 'SAEPUL BARKAH', 'G 12', 'GP', 'DATA ENTRY FINISHED GOODS', '', '', '', ''),
('00088809', '16761', 'SAEPUL HIDAYAT', 'G 13', 'HR-SAT', 'SATPAM', '', '', '', ''),
('00088810', '11831', 'SAEPUL RAMDAN', 'G 13', 'PP', 'PELAKSANA PACKING 240 ML AREA 2', '', '', '', ''),
('00088811', '07243', 'SAEPULLOH SAEPULLOH', 'G 12', 'HR-SAT-KBNG', 'SATPAM', '', '', '', ''),
('00088812', '04406', 'SAHRONI SAHRONI', 'G 11', 'GB', 'TEAM LEADER RANDP AND GENERAL', '', '', '', ''),
('00088814', '07767', 'SAIPUL SAIPUL', 'G 12', 'HR', 'PELAKSANA - UMUM', '', '', '', ''),
('00088815', '04770', 'SALEH SUWITO', 'G 10', 'GP', 'KA. SIE FINISHED GOODS', '', '', '', ''),
('00088818', '08025', 'SAMSUDIN SAMSUDIN', 'G 13', 'HOD', 'PELAKSANA LABEL', '', '', '', ''),
('00088820', '03770', 'SAMSUL SAMSUL', 'G 10', 'SHE', 'KA. SIE SAFETY', '', '', '', ''),
('00088821', '15143', 'SANDI KARYADI GUNAWAN', 'G 13', 'PET1', 'PACKING MULTIPACK (1)', '', '', '', ''),
('00088822', '08035', 'SANDI PERMANA', 'G 12', 'HR-SAT-KBNG', 'SATPAM', '', '', '', ''),
('00088824', '09477', 'SAPARUL HANDE', 'G 12', 'PET2', 'OPERATOR 600 ML AREA 2', '', '', '', ''),
('00088825', '09328', 'SARI KUSNIAWATI', 'G 13', 'HOD', 'PELAKSANA - VISUAL CONTROL', '', '', '', ''),
('00088826', '06810', 'SARIF HIDAYAT', 'G 13', 'HOD', 'PELAKSANA - PACKING', '', '', '', ''),
('00088827', '11748', 'SARIP SARIP', 'G 12', 'HOD', 'CHECKER - QC', '', '', '', ''),
('00088828', '09899', 'SARIPUDIN SARIPUDIN', 'G 12', 'GP', 'CHECKER & OPERATOR FORKLIFT GALLON', '', '', '', ''),
('00088829', '03885', 'SARWANI SARWANI', 'G 10', 'PET1', 'MANUFACTURE SUPERVISOR SHIFT C - SPS', '', '', '', ''),
('00088830', '18155', 'SAYUTI SAYUTI', 'G 12', 'PET2', 'OPERATOR 750 ML', '', '', '', ''),
('00088831', '16671', 'SENTHOT AGUS PRIYANTO', 'G 13', 'PP', 'PELAKSANA PACKING 240 ML AREA 2', '', '', '', ''),
('00088832', '11710', 'SESEP SARIPUDIN', 'G 12', 'HR-SAT', 'SATPAM', '', '', '', ''),
('00088836', '11544', 'SINTA ARISANDI', 'G 13', 'PP', 'PELAKSANA VISUAL CONTROL 240 ML AREA 2', '', '', '', ''),
('00088837', '14836', 'SISNA AFWANI SAMSUL ANWAR', 'G 13', 'PP', 'PELAKSANA PACKING 240 ML AREA 2', '', '', '', ''),
('00088839', '11768', 'SLAMET CAHYADI', 'G 12', 'TEKNIK', 'TEKNISI', '', '', '', ''),
('00088841', '02619', 'SOFYAN ISKANDAR', 'G 11', 'GP', 'PRODUCTION SUPPORTING', '', '', '', ''),
('00088842', '11639', 'SOLEH ALI', 'G 12', 'PP', 'OPERATOR GABLER AREA 2', '', '', '', ''),
('00088843', '04801', 'SOMA SODIKIN', 'G 12', 'GP', 'CHECKER & OPERATOR FORKLIFT 330,600,1500 ML', '', '', '', ''),
('00088844', '11672', 'SONY HERMAWAN', 'G 12', 'GP', 'CHECKER & OPERATOR FORKLIFT 330,600,1500 ML', '', '', '', ''),
('00088845', '04459', 'SOPIAN BIN ADANG', 'G 11', 'PET2', 'TEKNISI TROUBLE SHOOTER INJECTION (1)', '', '', '', ''),
('00088846', '07326', 'SOPIAN HADI', 'G 12', 'PP', 'OPERATOR 240 ML AREA 2', '', '', '', ''),
('00088848', '06629', 'SRI RAHAYU', 'G 12', 'QA', 'PELAKSANA - MICROBIOLOGI', '', '', '', ''),
('00088849', '07299', 'SRI RAHMAWATI', 'G 13', 'GP', 'ADMIN LOGISTIC', '', '', '', ''),
('00088850', '07411', 'SUBANDI SUBANDI', 'G 12', 'HOD', 'OPERATOR', '', '', '', ''),
('00088852', '16681', 'SUHAEMI SUHAEMI', 'G 13', 'PP', 'PELAKSANA PACKING 240 ML AREA 2', '', '', '', ''),
('00088853', '11473', 'SUHANDIANSYAH SUHANDIANSYAH', 'G 12', 'PET2', 'OPERATOR 750 ML', '', '', '', ''),
('00088854', '04634', 'SUHENDAR SUHENDAR', 'G 11', 'PET1', 'KEY USER SPS', '', '', '', ''),
('00088855', '16884', 'SUHENDI PRIHATIN', 'G 12', 'QA', 'STAFF ADMIN REPORTING', '', '', '', ''),
('00088856', '11506', 'SUHENDI SUHENDI', 'G 13', 'HOD', 'PELAKSANA - PACKING', '', '', '', ''),
('00088860', '11749', 'SUHERMAN SUHERMAN', 'G 13', 'PP', 'PELAKSANA PACKING 240 ML AREA 2', '', '', '', ''),
('00088861', '14581', 'SUHERMAN SUHERMAN', 'G 12', 'HOD', 'OPERATOR', '', '', '', ''),
('00088863', '04173', 'SUJINI BIN SUJANA', 'G 11', 'GP', 'DATA ENTRY FINISHED GOODS', '', '', '', ''),
('00088864', '06650', 'SUKANDAR SUKANDAR', 'G 13', 'PP', 'PELAKSANA PACKING 240 ML AREA 2', '', '', '', ''),
('00088866', '18154', 'SULAEMAN SULAEMAN', 'G 12', 'PP', 'OPERATOR GABLER AREA 2', '', '', '', ''),
('00088867', '07777', 'SUMARDI SUMARDI', 'G 11', 'GP', 'DATA ENTRY FINISHED GOODS', '', '', '', ''),
('00088868', '07475', 'SUMITRA SUMITRA', 'G 12', 'QA', 'CHECKER - PM AND LAB', '', '', '', ''),
('00088869', '04466', 'SUNARDI SUNARDI', 'G 13', 'GB', 'PELAKSANA GUDANG BAHAN', '', '', '', ''),
('00088870', '09559', 'SUNARYA SUNARYA', 'G 13', 'PP', 'PELAKSANA PACKING 240 ML AREA 2', '', '', '', ''),
('00088871', '07118', 'SUPARDI B', 'G 13', 'HR-SAT', 'SATPAM', '', '', '', ''),
('00088873', '07810', 'SUPARDI SUPARDI', 'G 13', 'HR-SAT', 'SATPAM', '', '', '', ''),
('00088875', '06652', 'SUPENDI RIANSYAH', 'G 12', 'GP', 'CHECKER & OPERATOR FORKLIFT GALLON', '', '', '', ''),
('00088876', '04804', 'SUPENDI SUPENDI', 'G 11', 'TEKNIK', 'TEKNISI', '', '', '', ''),
('00088878', '07590', 'SURANTO SURANTO', 'G 11', 'PET2', 'TEKNISI TROUBLE SHOOTER INJECTION (1)', '', '', '', ''),
('00088880', '07410', 'SURYA BUDIMAN', 'G 12', 'TEKNIK', 'TEKNISI', '', '', '', ''),
('00088881', '03978', 'SURYADI SURYADI', 'G 12', 'GP', 'CHECKER & OPERATOR FORKLIFT 330,600,1500 ML', '', '', '', ''),
('00088882', '07364', 'SURYADI SURYADI', 'G 13', 'HOD', 'PELAKSANA - PACKING', '', '', '', ''),
('00088883', '12076', 'SURYADI SURYADI', 'G 13', 'PET1', 'PACKING MULTIPACK (1)', '', '', '', ''),
('00088884', '06273', 'SURYANA SURYANA', 'G 12', 'QA', 'CHECKER - PM AND LAB', '', '', '', ''),
('00088885', '14622', 'SUSAN RATNASARI', 'G 13', 'PP', 'PELAKSANA VISUAL CONTROL 240 ML AREA 2', '', '', '', ''),
('00088886', '04025', 'SUTISNA SUTISNA', 'G 11', 'HOD', 'TEKNIK SUPPORT HOD', '', '', '', ''),
('00088887', '06277', 'SUWAJI SUWAJI', 'G 11', 'GP', 'DATA ENTRY FINISHED GOODS', '', '', '', ''),
('00088889', '04614', 'SUWISTO SUWISTO', 'G 12', 'HOD', 'CHECKER - QC', '', '', '', ''),
('00088891', '11502', 'SYAHRIDHA DINIEAR CAHYA', 'G 12', 'PET2', 'OPERATOR 750 ML', '', '', '', ''),
('00088892', '06656', 'SYAHRUL JAMIL', 'G 13', 'PP', 'PELAKSANA PACKING 240 ML AREA 2', '', '', '', ''),
('00088893', '06628', 'SYAMSUL MUIS', 'G 12', 'HR', 'DRIVER - POOL KENDARAAN', '', '', '', ''),
('00088894', '08012', 'SYARIF HIDAYAT', 'G 13', 'HR', 'PELAKSANA - UMUM', '', '', '', ''),
('00088895', '09589', 'SYARIF HIDAYATULLOH', 'G 12', 'HOD', 'CHECKER - QC', '', '', '', ''),
('00088897', '11508', 'TAMTAM RIZAL P', 'G 12', 'HOD', 'OPERATOR', '', '', '', ''),
('00088898', '04046', 'TANTAN RAHMAT SENTANI', 'G 11', 'HR-SAT', 'SECURITY LEADER', '', '', '', ''),
('00088899', '11799', 'TANZA RACHMANAZ', 'G 13', 'HOD', 'PELAKSANA - PACKING', '', '', '', ''),
('00088900', '11513', 'TAOSEH TAOSEH', 'G 12', 'PET2', 'OPERATOR 600 ML AREA 2', '', '', '', ''),
('00088901', '07997', 'TATY TATY', 'G 13', 'GP', 'DATA ENTRY FINISHED GOODS', '', '', '', ''),
('00088903', '11527', 'TAUFIK NUGRAHA', 'G 12', 'HOD', 'OPERATOR', '', '', '', ''),
('00088906', '18153', 'TETEN SUMITRA', 'G 13', 'HOD', 'PELAKSANA - PACKING', '', '', '', ''),
('00088907', '09609', 'THEO ERIXANTOSO', 'G 13', 'HOD', 'PELAKSANA - PACKING', '', '', '', ''),
('00088908', '11634', 'TINTIN KARTINI', 'G 13', 'PET2', 'PELAKSANA VISUAL CONTROL 600 ML AREA 2', '', '', '', ''),
('00088909', '04032', 'TITIK PUJI WIYANTI', 'G 10', 'HR', 'GENERAL AFFAIR OFFICER', '', '', '', ''),
('00088910', '09708', 'TITO HADIYANTO', 'G 12', 'GP', 'CHECKER & OPERATOR FORKLIFT GALLON', '', '', '', ''),
('00088911', '08184', 'TITO SUMARLAN', 'G 12', 'PP', 'OPERATOR GABLER AREA 2', '', '', '', ''),
('00088912', '06281', 'TOMAS RIZAL', 'G 12', 'GP', 'CHECKER & OPERATOR FORKLIFT 330,600,1500 ML', '', '', '', ''),
('00088913', '08689', 'TOMMY BARLIAN ZALLEX', 'G 12', 'GP', 'CHECKER & OPERATOR FORKLIFT GALLON', '', '', '', ''),
('00088914', '09529', 'TONI HARTONO', 'G 10', 'HOD', 'MANUFACTURE SUPERVISOR SHIFT B - HOD', '', '', '', ''),
('00088915', '04399', 'TONI JAENUDIN', 'G 12', 'HOD', 'CHECKER - QC', '', '', '', ''),
('00088916', '11627', 'TOTOK KRISMANTO', 'G 12', 'PET2', 'OPERATOR 600 ML AREA 2', '', '', '', ''),
('00088917', '06870', 'TRI KUSWORO', 'G 10', 'TEKNIK', 'ASSET ENGINEER UTILITY SUPERVISOR', '', '', '', ''),
('00088918', '16177', 'TRIAS JOKO WALUYO', 'G 10', 'HR', 'INDUSTRIAL RELATION OFFICER', '', '', '', ''),
('00088919', '07257', 'TRISNO SUSANTO', 'G 12', 'PET2', 'OPERATOR HUSKY 600 ML AREA 2', '', '', '', ''),
('00088920', '06958', 'TUTI NOVIASTUTI', 'G 13', 'HOD', 'PELAKSANA - VISUAL CONTROL', '', '', '', ''),
('00088922', '09298', 'UDEN HILMAN', 'G 13', 'HOD', 'PELAKSANA - PACKING', '', '', '', ''),
('00088923', '09406', 'UDIN RAFIUDIN', 'G 13', 'HOD', 'PELAKSANA - VISUAL CONTROL', '', '', '', ''),
('00088924', '04643', 'UDIN SAEPUDIN', 'G 12', 'HOD', 'PELAKSANA TREATMENT', '', '', '', ''),
('00088925', '06284', 'UDIYANA S', 'G 13', 'HOD', 'PELAKSANA TREATMENT', '', '', '', ''),
('00088926', '04830', 'UDJANG MUKHAMAD', 'G 13', 'HR-SAT-KBNG', 'SATPAM', '', '', '', ''),
('00088927', '11447', 'UJANG ABDULLAH HUDRI', 'G 13', 'HOD', 'PELAKSANA - PACKING', '', '', '', ''),
('00088928', '11522', 'UJANG ADANG', 'G 13', 'GB', 'PELAKSANA GUDANG BAHAN', '', '', '', ''),
('00088929', '05007', 'UJANG ALIT PRIYATNA', 'G 11', 'HR', 'PELAKSANA - UMUM', '', '', '', ''),
('00088930', '18160', 'UJANG ANAS', 'G 13', 'PP', 'PELAKSANA PACKING 240 ML AREA 2', '', '', '', ''),
('00088931', '08228', 'UJANG DAYAT', 'G 12', 'HOD', 'CHECKER - QC', '', '', '', ''),
('00088932', '03876', 'UJANG DEDI', 'G 11', 'HOD', 'TEKNISI MAINTENANCE', '', '', '', ''),
('00088933', '09655', 'UJANG ENDRI', 'G 11', 'GP', 'COC', '', '', '', ''),
('00088934', '07457', 'UJANG FIRMANSYAH', 'G 13', 'HOD', 'PELAKSANA - VISUAL CONTROL', '', '', '', ''),
('00088937', '07251', 'UJANG HIDAYAT', 'G 12', 'GP', 'CHECKER & OPERATOR FORKLIFT GALLON', '', '', '', ''),
('00088939', '09350', 'UJANG JAELANI', 'G 12', 'HOD', 'CHECKER - QC', '', '', '', ''),
('00088940', '07749', 'UJANG JAMALUDIN', 'G 12', 'PET1', 'OPERATOR MULTIPACK', '', '', '', ''),
('00088942', '11795', 'UJANG MULYANA', 'G 13', 'HR-SAT', 'SATPAM', '', '', '', ''),
('00088943', '05119', 'UJANG NANG SUTISNA', 'G 11', 'TEKNIK', 'FOREMAN - TEHNIK', '', '', '', ''),
('00088944', '15269', 'UJANG NASRUDIN', 'G 13', 'PET1', 'PACKING MULTIPACK (1)', '', '', '', ''),
('00088945', '11571', 'UJANG ROHMANA', 'G 12', 'PET2', 'OPERATOR 750 ML', '', '', '', ''),
('00088946', '11485', 'UJANG RISWANDI', 'G 12', 'PET1', 'OPERATOR 1500 ML', '', '', '', ''),
('00088948', '04808', 'UJANG RUYANI', 'G 12', 'GP', 'CHECKER & OPERATOR FORKLIFT 330,600,1500 ML', '', '', '', ''),
('00088951', '15541', 'UJANG SOLIHIN', 'G 12', 'HOD', 'OPERATOR', '', '', '', ''),
('00088953', '07269', 'UJANG SUKATMA', 'G 13', 'HOD', 'PELAKSANA - VISUAL CONTROL', '', '', '', ''),
('00088954', '09414', 'UJANG SUKINDAR', 'G 13', 'HOD', 'PELAKSANA - PACKING', '', '', '', ''),
('00088956', '11678', 'UJANG SUMARNA', 'G 13', 'HR-SAT', 'SATPAM', '', '', '', ''),
('00088957', '11722', 'UJANG SUPRIATNA', 'G 12', 'HR-SAT-KBNG', 'SATPAM', '', '', '', ''),
('00088958', '18159', 'UJANG SURYANA', 'G 13', 'HOD', 'PELAKSANA - PACKING', '', '', '', ''),
('00088961', '10663', 'UMAR DIYANTO', 'G 12', 'HOD', 'OPERATOR', '', '', '', ''),
('00088962', '09329', 'USEP HIDAYAT', 'G 12', 'PET2', 'OPERATOR 600 ML AREA 2', '', '', '', ''),
('00088963', '06374', 'USEP SAEFUL RAHMAT', 'G 12', 'GP', 'CHECKER & OPERATOR FORKLIFT GALLON', '', '', '', ''),
('00088964', '11476', 'USEP SAEPUL ANWAR', 'G 12', 'PP', 'OPERATOR 240 ML AREA 2', '', '', '', ''),
('00088965', '11763', 'USEP SUSAERI', 'G 13', 'HOD', 'PELAKSANA - PACKING', '', '', '', ''),
('00088967', '07793', 'USMAN AMINUN', 'G 12', 'HOD', 'OPERATOR', '', '', '', ''),
('00088968', '11760', 'UUD SOPANDI', 'G 11', 'HOD', 'TEKNIK SUPPORT HOD', '', '', '', ''),
('00088969', '07477', 'UUNG JUHANA', 'G 12', 'QA', 'PELAKSANA - SAMPLING LAB', '', '', '', ''),
('00088970', '04171', 'UUS KUSNADI', 'G 12', 'GP', 'CHECKER & OPERATOR FORKLIFT GALLON', '', '', '', ''),
('00088971', '08185', 'UUS KUSNADI', 'G 12', 'GP', 'CHECKER & OPERATOR FORKLIFT GALLON', '', '', '', ''),
('00088972', '11770', 'UUS SAEPULLOH', 'G 12', 'HOD', 'OPERATOR', '', '', '', ''),
('00088973', '04720', 'UWAN MUNAWAR', 'G 12', 'GP', 'CHECKER & OPERATOR FORKLIFT 330,600,1500 ML', '', '', '', ''),
('00088974', '05238', 'UWOH SAEPULOH', 'G 12', 'HOD', 'OPERATOR', '', '', '', ''),
('00088976', '06041', 'WAHYU ABDILAH', 'G 13', 'HR-SAT', 'SATPAM', '', '', '', ''),
('00088977', '06661', 'WAHYU PERMANA', 'G 12', 'HOD', 'OPERATOR', '', '', '', ''),
('00088979', '09240', 'WAHYU SETIAWAN', 'G 11', 'PET2', 'TEKNISI TROUBLE SHOOTER INJECTION (1)', '', '', '', ''),
('00088982', '06764', 'WANDI RUSWANDI', 'G 13', 'HOD', 'PELAKSANA LABEL', '', '', '', ''),
('00088983', '05208', 'WAWAN BIN AKO', 'G 13', 'HOD', 'PELAKSANA TREATMENT', '', '', '', ''),
('00088984', '11441', 'WAWAN HERMAWAN', 'G 13', 'PP', 'PELAKSANA PACKING 240 ML AREA 2', '', '', '', ''),
('00088985', '09491', 'WAWAN KURNIAWAN', 'G 11', 'GP', 'DELIVERY PLANNER', '', '', '', ''),
('00088988', '02507', 'WILDAN WILDAN', 'G 11', 'TEKNIK', 'FOREMAN - TEHNIK', '', '', '', ''),
('00088990', '08683', 'WISUDA NEGORO DARMAWAN', 'G 10', 'PET2', 'MANUFACTURE SUPERVISOR SHIFT C - SPS', '', '', '', ''),
('00088991', '09598', 'YADI HARYANTO', 'G 12', 'HR-SAT-KBNG', 'SATPAM', '', '', '', ''),
('00088992', '08425', 'YADI HIKMAT WAHYUDI', 'G 12', 'GP', 'CHECKER & OPERATOR FORKLIFT GALLON', '', '', '', ''),
('00088993', '04396', 'YADI JUMYADI', 'G 11', 'HOD', 'TEKNISI MAINTENANCE', '', '', '', ''),
('00088994', '03762', 'YADI MULYADI', 'G 11', 'HR', 'STAFF GA', '', '', '', ''),
('00088995', '03960', 'YADI MULYADI BIN SUKRIA', 'G 12', 'GP', 'CHECKER & OPERATOR FORKLIFT 330,600,1500 ML', '', '', '', ''),
('00088996', '03985', 'YADI SUPRIADI', 'G 12', 'GP', 'CHECKER & OPERATOR FORKLIFT 330,600,1500 ML', '', '', '', ''),
('00088997', '11563', 'YADI SURYADI', 'G 13', 'HOD', 'PELAKSANA LABEL', '', '', '', ''),
('00088998', '11788', 'YADI SUTENDI', 'G 12', 'GP', 'CHECKER & OPERATOR FORKLIFT 330,600,1500 ML', '', '', '', ''),
('00088999', '06349', 'YANA MULYANA', 'G 12', 'GP', 'CHECKER & OPERATOR FORKLIFT GALLON', '', '', '', ''),
('00089000', '11815', 'YANA MULYANA', 'G 13', 'HOD', 'PELAKSANA - PACKING', '', '', '', ''),
('00089001', '11555', 'YANA SATRIANA', 'G 12', 'HOD', 'CHECKER - QC', '', '', '', ''),
('00089002', '07370', 'YANA SUPRIATNA', 'G 11', 'HOD', 'TEKNIK SUPPORT HOD', '', '', '', ''),
('00089003', '07478', 'YANA SURYANA', 'G 12', 'PET2', 'OPERATOR 600 ML AREA 2', '', '', '', ''),
('00089005', '06282', 'YANDI RUSLIANDI', 'G 12', 'GB', 'CHECKER RAW MATERIAL & AFVAL', '', '', '', ''),
('00089008', '11646', 'YANTO NURSEHA', 'G 13', 'PP', 'PELAKSANA PACKING 240 ML AREA 2', '', '', '', ''),
('00089009', '05310', 'YASIN BIN EMBEN', 'G 12', 'GP', 'CHECKER & OPERATOR FORKLIFT 240 ML', '', '', '', ''),
('00089010', '04717', 'YASMAR EFFENDI B UMAR', 'G 11', 'GP', 'PRODUCTION SUPPORTING', '', '', '', ''),
('00089012', '14837', 'YAYAN MURDIANTONO SALAM', 'G 13', 'HR-SAT', 'SATPAM', '', '', '', ''),
('00089013', '04152', 'YAYAN SETIAWAN', 'G 13', 'HOD', 'PELAKSANA TREATMENT', '', '', '', ''),
('00089014', '08042', 'YAYAN SURYANA', 'G 12', 'HR-SAT-KBNG', 'SATPAM', '', '', '', ''),
('00089015', '04613', 'YAYAN YAYAN', 'G 13', 'PP', 'PELAKSANA PACKING 240 ML AREA 2', '', '', '', ''),
('00089017', '11535', 'YAYANG SURYANA', 'G 12', 'HOD', 'OPERATOR', '', '', '', ''),
('00089018', '01975', 'YAYAT KINDI', 'G 10', 'GP', 'KA. SIE FINISHED GOODS', '', '', '', ''),
('00089019', '07465', 'YAYAT RUHIYAT', 'G 13', 'HOD', 'PELAKSANA LABEL', '', '', '', ''),
('00089020', '09492', 'YAYAT RUHIYAT', 'G 12', 'HR-SAT', 'SATPAM', '', '', '', ''),
('00089021', '07388', 'YAYAT SYARIF HIDAYAT', 'G 11', 'PET2', 'USER SAP SPS', '', '', '', ''),
('00089022', '11728', 'YAZID BUSTOMI', 'G 13', 'HOD', 'PELAKSANA - VISUAL CONTROL', '', '', '', ''),
('00089023', '04393', 'YEDI HERYADI', 'G 12', 'PET2', 'USER SAP SPS', '', '', '', ''),
('00089024', '07584', 'YENI MULYANI', 'G 13', 'PP', 'PELAKSANA VISUAL CONTROL 240 ML AREA 2', '', '', '', ''),
('00089025', '07300', 'YETI HENDRAYATI', 'G 13', 'PP', 'PELAKSANA VISUAL CONTROL 240 ML AREA 2', '', '', '', ''),
('00089026', '07312', 'YETI NURHAYATI', 'G 13', 'PP', 'PELAKSANA VISUAL CONTROL 240 ML AREA 2', '', '', '', ''),
('00089027', '11679', 'YOGA PLATINA', 'G 11', 'TEKNIK', 'TEKNISI', '', '', '', ''),
('00089028', '11797', 'YOHARISMANSYAH YOHARISMANSYAH', 'G 12', 'HOD', 'OPERATOR', '', '', '', ''),
('00089029', '07766', 'YOPI KURNIAWAN', 'G 12', 'GP', 'KEY USER', '', '', '', ''),
('00089030', '07296', 'YOSEP ABDUL GANI', 'G 12', 'QA', 'PELAKSANA - MICROBIOLOGI', '', '', '', ''),
('00089031', '15544', 'YOSEP SUNARYA', 'G 11', 'SHE', 'REPORT AND ANALYST DATA', '', '', '', ''),
('00089032', '11569', 'YUDA CRISTIAN CANDAKIA', 'G 13', 'HOD', 'PELAKSANA - VISUAL CONTROL', '', '', '', ''),
('00089033', '15068', 'YUDA MAULANA', 'G 12', 'HOD', 'OPERATOR', '', '', '', ''),
('00089034', '11612', 'YUDHA PRIA GUMELAR', 'G 13', 'PP', 'PELAKSANA PACKING 240 ML AREA 2', '', '', '', ''),
('00089035', '06637', 'YUDI FAMLI', 'G 13', 'PET1', 'PELAKSANA PACKING 1500 ML', '', '', '', ''),
('00089037', '08011', 'YUDI HARYADI', 'G 12', 'PP', 'OPERATOR 240 ML AREA 2', '', '', '', ''),
('00089038', '18156', 'YUDI HARYADI', 'G 13', 'GB', 'PELAKSANA GUDANG BAHAN', '', '', '', ''),
('00089039', '07713', 'YUDI MULYADI', 'G 13', 'HOD', 'PELAKSANA - PACKING', '', '', '', ''),
('00089040', '11375', 'YUDI RISWALUDIN', 'G 11', 'GP', 'PRODUCTION SUPPORTING', '', '', '', ''),
('00089042', '06957', 'YUDI SUPRIYATNA', 'G 12', 'HOD', 'PELAKSANA - PACKING', '', '', '', ''),
('00089043', '15649', 'YUDI SYARIF', 'G 13', 'HOD', 'PELAKSANA BELAH BOTOL', '', '', '', ''),
('00089044', '11533', 'YUDI TARUNA', 'G 12', 'PET2', 'OPERATOR HUSKY 600 ML AREA 2', '', '', '', ''),
('00089045', '11997', 'YUDI WAHYUDI', 'G 13', 'HOD', 'PELAKSANA TREATMENT', '', '', '', ''),
('00089046', '11496', 'YUDI YUDI', 'G 12', 'HOD', 'OPERATOR', '', '', '', ''),
('00089047', '07298', 'YUDIN YUDIN', 'G 12', 'QA', 'PELAKSANA - SAMPLING LAB', '', '', '', ''),
('00089048', '06977', 'YUDISTIRA YUDISTIRA', 'G 12', 'PET1', 'OPERATOR 1500 ML', '', '', '', ''),
('00089049', '11701', 'YULI HASTUTI', 'G 13', 'HOD', 'PELAKSANA - VISUAL CONTROL', '', '', '', ''),
('00089051', '11566', 'YULIA YULIA', 'G 13', 'PP', 'PELAKSANA VISUAL CONTROL 240 ML AREA 2', '', '', '', ''),
('00089052', '07104', 'YUNAS SALEH TABRANI', 'G 13', 'HR-SAT', 'SATPAM', '', '', '', ''),
('00089053', '11834', 'YUSEP SADUDIN', 'G 12', 'QA', 'ANALYST INCOMING MATERIAL', '', '', '', ''),
('00089054', '04811', 'YUSMADI YUSMADI', 'G 12', 'PP', 'OPERATOR 240 ML AREA 2', '', '', '', ''),
('00089055', '18255', 'YUSMAN HARIS', 'G 13', 'PP', 'PELAKSANA PACKING 240 ML AREA 2', '', '', '', ''),
('00089058', '07586', 'YUYUN RESMINAH', 'G 13', 'PP', 'PELAKSANA VISUAL CONTROL 240 ML AREA 2', '', '', '', ''),
('00089059', '07945', 'YUYUS SOLEH ERMANSYAH', 'G 11', 'PET1', 'TEKNISI TROUBLE SHOOTER 1500 & 330', '', '', '', ''),
('00090256', '17102', 'ACHIRUL ANDRI WIBOWO', 'G 9', 'GP', 'LOGISTIC MANAGER', '', '', '', ''),
('00091857', '07468', 'MUHAMAD ROBUDIN', 'G 12', 'GB', 'CHECKER RAW MATERIAL & AFVAL', '', '', '', ''),
('00092327', '09348', 'RIZKI SARIF BASTAMAN', 'G 11', 'GB', 'SPARE PART MANAGEMENT', '', '', '', ''),
('00092404', '11789', 'RUSLANDI RUSLANDI', 'G 11', 'GB', 'MATERIAL PLANNER', '', '', '', ''),
('00093082', '07458', 'UKAR SUKARNA', 'G 12', 'GB', 'CHECKER - SPARE PART', '', '', '', ''),
('00093173', '11783', 'WAWAN MUNAWAR', 'G 11', 'GB', 'DATA ENTRY R & P', '', '', '', ''),
('00093336', '02884', 'ERWAN SETIAWAN', 'G 10', 'GB', 'SUPERVISOR R & P', '', '', '', ''),
('00093397', '11791', 'FERRY IRAWAN NUGROHO', 'G 12', 'GB', 'DATA ENTRY R & P', '', '', '', ''),
('00093423', '11790', 'GANDI SUGANDI', 'G 12', 'GP', 'CHECKER & OPERATOR FORKLIFT GALLON', '', '', '', ''),
('00093595', '04209', 'HERI HENDRAWAN', 'G 12', 'GB', 'CHECKER - SPARE PART', '', '', '', ''),
('00093831', '07612', 'INDRA EDI SUTANTO', 'G 10', 'GB', 'KA. SIE PROCUREMENT', '', '', '', ''),
('00093865', '08827', 'IRWAN SOPIAN', 'G 11', 'GB', 'TEAM LEADER RANDP AND GENERAL', '', '', '', ''),
('00094338', '02132', 'MUH DAHLAN', 'G 11', 'GB', 'SPARE PART MANAGEMENT', '', '', '', ''),
('00094359', '04488', 'MUHAMAD MULYA', 'G 11', 'GB', 'TEAM LEADER RANDP AND GENERAL', '', '', '', ''),
('00094403', '04596', 'ABDUL AZIS', 'G 12', 'GB', 'CHECKER RAW MATERIAL & AFVAL', '', '', '', ''),
('00094439', '07577', 'ABDURROSYID RIDO', 'G 12', 'GB', 'CHECKER RAW MATERIAL & AFVAL', '', '', '', ''),
('00094465', '07453', 'ADE FIRMAN MAULANA', 'G 10', 'GP', 'KA. SIE FINISHED GOODS', '', '', '', ''),
('00094571', '09289', 'AGUS SETIAWAN', 'G 12', 'GB', 'CHECKER RAW MATERIAL & AFVAL', '', '', '', ''),
('00094610', '07240', 'AHMAD DAMIRI', 'G 12', 'GB', 'CHECKER - SPARE PART', '', '', '', ''),
('00094955', '06876', 'BUDI MULYADI', 'G 11', 'GB', 'TEAM LEADER RANDP AND GENERAL', '', '', '', ''),
('00095211', '07727', 'DIDIN DIDIN', 'G 12', 'GB', 'CHECKER RAW MATERIAL & AFVAL', '', '', '', ''),
('00095285', '02883', 'EDI JUNAEDI', 'G 12', 'GB', 'CHECKER RAW MATERIAL & AFVAL', '', '', '', ''),
('00124709', '22092', 'AMANAH RARA LAKHIR', 'G 11', 'QA', 'STAFF ADMIN REPORTING', '', '', '', ''),
('00125592', '07075', 'EKO WINDARNINGSIH', 'G 10', 'SHE', 'KA. SIE SAFETY', '', '', '', ''),
('00125653', '22299', 'MUHAMMAD GOZALI SHIDIK', 'G 10', 'TEKNIK', 'MAINTENANCE ENGINEER SUPERVISOR', '', '', '', ''),
('00125688', '00652', 'SLAMET SANTOSO', 'G 10', 'CSR', 'WATER RESOURCE ENGINEER', '', '', '', ''),
('00297520', '23826', 'NIDA AFINA AULIA', 'G 12', 'QA', 'ANALYST KIMIA - FISIKA', '', '', '', ''),
('00352470', '11633', 'DENI KURNIAWAN', 'G 10', 'CSR', 'CSR COORDINATOR', '', '', '', ''),
('00384444', '24742', 'CLAUDIA SHEVA NURRACHMA', 'G 10', 'FIN', 'BPA FINANCE ACCOUNTING', '', '', '', '');

-- --------------------------------------------------------

--
-- Struktur dari tabel `m_machine`
--

CREATE TABLE `m_machine` (
  `id_machine` int(11) NOT NULL,
  `name_machine` varchar(150) NOT NULL,
  `since_machine` varchar(20) NOT NULL,
  `made_machine` varchar(15) NOT NULL,
  `capacity_machine` varchar(10) NOT NULL,
  `energy_machine` varchar(100) NOT NULL,
  `electric_machine` varchar(15) NOT NULL,
  `lp_machine` varchar(15) NOT NULL,
  `hp_machine` int(15) NOT NULL,
  `building` varchar(30) NOT NULL,
  `line_machine` varchar(50) NOT NULL,
  `gambar` varchar(200) NOT NULL
) ENGINE=InnoDB DEFAULT CHARSET=utf8mb4;

--
-- Dumping data untuk tabel `m_machine`
--

INSERT INTO `m_machine` (`id_machine`, `name_machine`, `since_machine`, `made_machine`, `capacity_machine`, `energy_machine`, `electric_machine`, `lp_machine`, `hp_machine`, `building`, `line_machine`, `gambar`) VALUES
(2, 'ERGOBLOC L', '2002', 'germany', '25000 b/H', 'ELECTRIC, LOW PRESSURE, HIG PRESSURE', '220V', '5', 23, 'PET1', 'ERGOBLOC', 'Mc-DDT2.PNG'),
(4, 'FILLER 220 ML ULTRACLEAN  LINE #7', '2021-07-01', 'ASIA PERDANA ME', '22.000 ', 'ELECTRIC', '480', '8 Bar', 9, 'PP', 'PP #7', 'Mc-line 7 acs.jpg'),
(6, 'HUSKY XL 300 PET SN 11012', '2000-07-01', 'SIDEL CORPORATI', '12,000', 'electric pneumatic ', '220', 'hight', 9, 'PET2', '600ml', 'Mc-600 ml.jpg'),
(7, 'FILLER IRIS 450 - 750 - 1100ML', '2020-11-01', 'SIDEL CORPORATI', '1800', 'ELECTRIC', '480', '8 Bar', 9, 'PET2', 'IRIS', 'Mc-iris.jpg'),
(8, 'FILLER SUNNY 220 ML LINE #3', '2012-07-01', 'JAPAN', '19.000', 'electric pneumatic ', '480', '7 Bar', 8, 'PP', 'PP #3', 'Mc-cup 3.jpg'),
(9, 'FILLER SUNNY 220 ML LINE #4', '2021-07-01', 'sunny corporati', '19.000', 'electric pneumatic ', '480', '7 Bar', 8, 'PP', 'PP #4', 'Mc-4.jpg'),
(10, 'THERMOFORMING 220 ML LINE #3', '2012-07-01', 'GABLER THERMOFO', '40.000', 'ELECTRIC, LOW PRESSURE, HIG PRESSURE', '480', 'hight', 9, 'PP', 'CUP MAKER #220ml', 'Mc-gabler2.jpg'),
(11, 'GABLER 220 ML LINE #3', '2021-07-01', 'GABLER THERMOFO', '40.000', 'electric pneumatic ', '480', 'hight', 9, 'PP', 'CUP MAKER #220ml', 'Mc-gabler2.jpg'),
(12, 'HUSKY XL 300 PET SN 11012', '2000-07-01', 'HUSKY MACHINE M', '12,000', 'ELECTRIC', '480', 'hight', 9, 'PET2', '600ml', 'Mc-Husky machine maker.jpg'),
(13, 'HUSKY XL 300 PET SN 11012', '2000-07-01', 'HUSKY MACHINE M', '12,000', 'ELECTRIC', '480', 'hight', 9, 'PET1', 'ERGOBLOC', 'Mc-HUSKY LX-300 PET NO.12620.jpg'),
(15, 'CUP 220 ML LINE #4', '2017-07-01', 'KRONOS CO LTD', '19.000', 'electric pneumatic ', '480', 'hight', 9, 'PET1', '600ml', 'Mc-KRONES CONTIFORM K442332.jpg'),
(16, '5 GALON LINE #9 BARDI 3000', '2012-07-01', 'SIDEL CORPORATI', '3000', 'electric pneumatic ', '480', 'hight', 9, 'HOD', 'hod #9', 'Mc-No image.jpg'),
(17, '5 GALON LINE #7 BARDI 2400', '2012-07-01', 'HITACHI', '2400', 'electric pneumatic ', '480', 'hight', 9, 'HOD', 'hod #7', 'Mc-No image.jpg'),
(18, '5 GALON LINE #8 BARDI 3000', '2012-07-01', 'HITACHI', '3000', 'electric pneumatic ', '480', 'hight', 9, 'HOD', 'hod #8', 'Mc-No image.jpg'),
(19, 'AUTO PACKER', '2021-07-01', 'ASIA PERDANA ME', '22.000', 'ELECTRIC', '480', '8 Bar', 9, 'PP', 'PP #7', 'Mc-WhatsApp Image 2023-06-14 at 15.41.53.jpg'),
(20, 'HUSKY XL 300 PET SN 11012', '2012-07-01', 'TAIWAN', '12,000', 'ELECTRIC', '480', 'hight', 9, 'PET1', 'ERGOBLOC', 'Mc-WhatsApp Image 2023-06-14 at 15.41.53.jpg'),
(21, '5 GALON LINE #3 CAP SNAP 2400', '2012-07-01', 'SIDEL CORPORATI', '2400', 'electric pneumatic ', '480', 'hight', 9, 'HOD', 'hod #3', 'Mc-WhatsApp Image 2023-06-14 at 15.41.53.jpg'),
(22, 'THERMOFORMING 220 ML LINE #3', '2012-07-01', 'Germany ', '40.000', 'ELECTRIC', '480', 'hight', 9, 'PET1', 'ERGOBLOC', 'Mc-WhatsApp Image 2023-06-14 at 15.41.53.jpg'),
(23, 'HUSKY XL 300 PET SN 11012', '2000-07-01', 'KRONOS CO LTD', '12,000', 'electric pneumatic ', '480', 'hight', 9, 'PET2', '600ml', 'Mc-WhatsApp Image 2023-06-14 at 15.41.53.jpg'),
(24, 'HUSKY XL 300 PET SN 11012', '2012-07-01', 'KRONOS CO LTD', '12,000', 'ELECTRIC', '480', '7 Bar', 9, 'PET2', 'IRIS', 'Mc-WhatsApp Image 2023-06-14 at 15.41.53.jpg'),
(25, 'KATONSEAL ( SUNSTREM', '2012-07-01', 'JAPAN', '22.000', 'ELECTRIC, LOW PRESSURE, HIG PRESSURE', '220', 'hight', 8, 'PP', 'PP #3', 'Mc-KRONES CONTIFORM K442332.jpg'),
(26, 'KARTON SEAL ', '2012-07-01', 'JAPAN', '22.000', 'ELECTRIC, LOW PRESSURE', '220', 'hight', 8, 'PP', 'PP #7', 'Mc-BOTTLE 1500ML ERGOBLOC L.jpg'),
(27, 'GETECHA ', '2012-07-01', 'GERMANY ', '', 'ELECTRIC, LOW PRESSURE', '220', 'hight', 8, 'PP', 'CUP MAKER #220ml', 'Mc-ipodblit (1).jpg');

-- --------------------------------------------------------

--
-- Struktur dari tabel `m_operator`
--

CREATE TABLE `m_operator` (
  `share_id` varchar(10) NOT NULL,
  `id_machine` int(11) NOT NULL
) ENGINE=InnoDB DEFAULT CHARSET=utf8mb4;

--
-- Dumping data untuk tabel `m_operator`
--

INSERT INTO `m_operator` (`share_id`, `id_machine`) VALUES
('00087959', 24),
('00087964', 24),
('00087988', 2),
('00088013', 9),
('00088027', 2),
('00088028', 2),
('00088039', 18),
('00088053', 12),
('00088071', 4),
('00088097', 21),
('00088142', 2),
('00088146', 17),
('00088151', 22),
('00088169', 19),
('00088187', 21),
('00088207', 8),
('00088210', 4),
('00088213', 13),
('00088232', 8),
('00088240', 19),
('00088244', 6),
('00088245', 21),
('00088255', 16),
('00088266', 12),
('00088276', 22),
('00088292', 16),
('00088297', 23),
('00088303', 17),
('00088309', 13),
('00088321', 18),
('00088344', 22),
('00088355', 18),
('00088359', 12),
('00088374', 17),
('00088380', 2),
('00088384', 16),
('00088385', 9),
('00088393', 2),
('00088408', 19),
('00088409', 23),
('00088420', 9),
('00088429', 2),
('00088433', 23),
('00088474', 16),
('00088479', 19),
('00088480', 15),
('00088485', 22),
('00088523', 17),
('00088526', 13),
('00088527', 19),
('00088532', 12),
('00088546', 18),
('00088560', 13),
('00088563', 23),
('00088569', 4),
('00088574', 21),
('00088607', 22),
('00088621', 13),
('00088631', 2),
('00088641', 16),
('00088655', 21),
('00088685', 6),
('00088698', 15),
('00088705', 18),
('00088721', 16),
('00088736', 12),
('00088770', 24),
('00088793', 2),
('00088796', 16),
('00088802', 22),
('00088803', 2),
('00088824', 22),
('00088830', 7),
('00088846', 8),
('00088850', 21),
('00088861', 21),
('00088891', 7),
('00088897', 17),
('00088900', 15),
('00088903', 16),
('00088919', 13),
('00088940', 2),
('00088946', 2),
('00088961', 17),
('00088962', 6),
('00088964', 4),
('00088967', 17),
('00088972', 18),
('00088977', 18),
('00089003', 22),
('00089037', 8),
('00089044', 13),
('00089046', 18),
('00089048', 2);

-- --------------------------------------------------------

--
-- Struktur dari tabel `m_pid`
--

CREATE TABLE `m_pid` (
  `id_pid` int(11) NOT NULL,
  `name_pid` varchar(150) NOT NULL,
  `id_machine` int(11) NOT NULL,
  `file_pid` varchar(250) NOT NULL
) ENGINE=InnoDB DEFAULT CHARSET=utf8mb4;

--
-- Dumping data untuk tabel `m_pid`
--

INSERT INTO `m_pid` (`id_pid`, `name_pid`, `id_machine`, `file_pid`) VALUES
(1, 'PID NETWORK WATER 12', 2, 'P-PID NETWORK WATER 1.pdf');

-- --------------------------------------------------------

--
-- Struktur dari tabel `m_sop`
--

CREATE TABLE `m_sop` (
  `id_sop` int(11) NOT NULL,
  `name_sop` varchar(150) NOT NULL,
  `ver_sop` varchar(50) NOT NULL,
  `category_sop` varchar(50) NOT NULL,
  `id_machine` int(11) NOT NULL,
  `status_sop` varchar(10) NOT NULL,
  `file_sop` varchar(250) NOT NULL
) ENGINE=InnoDB DEFAULT CHARSET=utf8mb4;

--
-- Dumping data untuk tabel `m_sop`
--

INSERT INTO `m_sop` (`id_sop`, `name_sop`, `ver_sop`, `category_sop`, `id_machine`, `status_sop`, `file_sop`) VALUES
(1, 'INTRUKSI KERJA MESIN FILLER ERGOBLOC', 'Ver.3 Rev.9', 'OPERATIONAL', 2, 'INAKTIF', 'S-INTRUKSI KERJA MESIN FILLER ERGOBLOC.pdf'),
(2, 'INS-MNF-PP-002  SUPPLY CUP', '1 REV 2', 'OPERATIONAL', 3, 'AKTIF', 'S-INS-MNF-PP-002  SUPPLY CUP.pdf'),
(3, 'NSTRUKSI KERJA  MEMASANG LOTO  PADA GATE VALVE DI  INLET ANGIN MESIN  FILLER 220ML', '1 REV 2', 'SAFETY', 3, 'AKTIF', 'S-NSTRUKSI KERJA  MEMASANG LOTO  PADA GATE VALVE DI  INLET ANGIN MESIN  FILLER 220ML.pdf'),
(4, 'INTRUKSI KERJA FILLER START STOP ULTRA CLEAN ', '1 REV 0', 'OPERATIONAL', 4, 'AKTIF', 'S-INTRUKSI KERJA.pdf'),
(5, 'INSTRUKSI CLEANING  SANITASI FILLER 220ML', '1 REV 2', 'SANITASI & MAINTENANCE', 9, 'AKTIF', 'S-INSTRUKSI CLEANING  SANITASI FILLER 220ML.pdf'),
(6, 'INSTRUKSI KERJA  OPERASIONAL FILLER  SUNNY 220ML', '1 REV 2', 'OPERATIONAL', 9, 'AKTIF', 'S-INSTRUKSI KERJA  OPERASIONAL FILLER  SUNNY 220ML.pdf'),
(7, 'INSTRUKSI KERJA  MEMASANG LOTO  PADA GATE VALVE DI  INLET ANGIN MESIN  FILLER 220ML', '1 REV 2', 'SAFETY', 9, 'AKTIF', 'S-INSTRUKSI KERJA  MEMASANG LOTO  PADA GATE VALVE DI  INLET ANGIN MESIN  FILLER 220ML.pdf'),
(8, 'SETTING KERATAAN SEAL DISC  TERHADAP BUCKET', '1 REV 0', 'SANITASI & MAINTENANCE', 9, 'AKTIF', 'S-SETTING KERATAAN SEAL DISC  TERHADAP BUCKET.pdf'),
(9, 'INSTRUKSI KERJA  GANTI LID  FILLER 220ML', '1 REV 0', 'OPERATIONAL', 9, 'AKTIF', 'S-INSTRUKSI KERJA  GANTI LID  FILLER 220ML.pdf'),
(10, 'INSTRUKSI KERJA  BUANG AVALAN LID  FILLER 220ML', '1 REV 2', 'OPERATIONAL', 9, 'AKTIF', 'S-INSTRUKSI KERJA  BUANG AVALAN LID  FILLER 220ML.pdf'),
(11, 'INSTRUKSI KERJA  SUPPLY CUP  FILLER 220ML', '1 REV 2', 'OPERATIONAL', 9, 'AKTIF', 'S-INSTRUKSI KERJA  SUPPLY CUP  FILLER 220ML.pdf'),
(12, 'INSTRUKSI KERJA OPERASIONAL MESIN FILLER 600 ML', '3 REV 8', 'OPERATIONAL', 6, 'AKTIF', 'S-INSTRUKSI KERJA OPERASIONAL MESIN FILLER 600 ML.pdf'),
(13, 'INTRUKSI KERJA PENGOPRASIAN SBO 600', '2 REV 8', 'OPERATIONAL', 23, 'AKTIF', 'S-INTRUKSI KERJA PENGOPRASIAN SBO 600.pdf'),
(14, 'CIP FILLER 600', 'REV 8', 'SANITASI & MAINTENANCE', 6, 'AKTIF', 'S-CIP FILLER 600.pdf'),
(15, 'INTRUKSI KERJA KRONES 600 ML', 'REV 8', 'OPERATIONAL', 15, 'AKTIF', 'S-INTRUKSI KERJA KRONES 600 ML.pdf'),
(16, 'INSTRUKSI KERJA  OPERATIONAL MESIN  PREFORM MAKER', '3 REV 8', 'OPERATIONAL', 13, 'AKTIF', 'S-INSTRUKSI KERJA  OPERATIONAL MESIN  PREFORM MAKER.pdf'),
(17, 'INSTRUKSI CLEANING  VACUM & CUTTER DRUM ( LABEL MENGGULUNG )', '3 REV 8', 'TROUBLE SHOOT', 15, 'AKTIF', 'S-INSTRUKSI CLEANING  VACUM & CUTTER DRUM ( LABEL MENGGULUNG ).pdf'),
(18, 'FBE AUTO PACKER', '1 REV 0', 'SAFETY', 19, 'AKTIF', 'S-FBE AUTO PACKER.pdf'),
(19, 'INSTRUKSI KERJA  PENGOPERASIAN  MESIN  WASHER/FILLER NEW  BARDY LINE 9', 'IV Revisi : 0', 'OPERATIONAL', 16, 'AKTIF', 'S-INSTRUKSI KERJA  PENGOPERASIAN  MESIN  WASHER/FILLER NEW  BARDY LINE 9.pdf'),
(20, 'INSTRUKSI KERJA  PENGOPERASIAN  WASHER,FILLER 3', 'IV Revisi : 0', 'OPERATIONAL', 21, 'AKTIF', 'S-INSTRUKSI KERJA  PENGOPERASIAN  WASHER,FILLER 3.pdf'),
(21, 'CARA PENGGUNAAN LEMARI JACKET DAN  PENYIMPANAN TAS', '010/OPL/HOD/2017', 'QUALITY', 16, 'AKTIF', 'S-CARA PENGGUNAAN LEMARI JACKET DAN  PENYIMPANAN TAS.pdf'),
(22, 'HANDLING PRODUK RIJECT DAN BOTOL  KOSONG LINE 34', '056/OPL/HOD/2016', 'TROUBLE SHOOT', 21, 'AKTIF', 'S-HANDLING PRODUK RIJECT DAN BOTOL  KOSONG LINE 34.pdf'),
(23, 'CARA PENANGANAN BOTOL TERJEPIT DI CONVEYOR', '055/OPL/HOD/2016', 'TROUBLE SHOOT', 21, 'AKTIF', 'S-CARA PENANGANAN BOTOL TERJEPIT DI CONVEYOR.pdf'),
(24, 'CARA AMAN PENYIMPANAN BOTOL TOLAKAN DI ATAS TRUCK', '002/OPL/HOD/2017', 'OPERATIONAL', 21, 'AKTIF', 'S-CARA AMAN PENYIMPANAN BOTOL TOLAKAN DI ATAS TRUCK.pdf'),
(25, 'CARA AMAN PERBAIKAN BOTOL TERGULING  DICONVEYOR ISI PERTIGAAN LINE 34', '012/OPL/HOD/2017', 'TROUBLE SHOOT', 21, 'AKTIF', 'S-CARA AMAN PERBAIKAN BOTOL TERGULING  DICONVEYOR ISI PERTIGAAN LINE 34.pdf'),
(26, 'URAIAN PEKERJAAN PRODUCTION OPERATOR RELIFER LINE 1500 ML', 'REVISI 1 APRIL 2022', 'OPERATIONAL', 20, 'AKTIF', 'S-URAIAN PEKERJAAN PRODUCTION OPERATOR RELIFER LINE 1500 ML.pdf'),
(27, 'INTRUKSI KERJA ERGO', '1 REV 5', 'OPERATIONAL', 2, 'AKTIF', 'S-INTRUKSI KERJA ERGO.pdf'),
(28, 'SAFETY DEVICE MAPPING', '1 REV 0', 'SAFETY', 10, 'AKTIF', 'S-SAFETY DEVICE MAPPING.pdf'),
(29, 'SAFETY DEVICE MAPPING', '1 REV 0', 'SAFETY', 11, 'AKTIF', 'S-SAFETY DEVICE MAPPING.pdf'),
(30, 'SAFETY DEVICE MAPPING', '1 REV 2', 'SAFETY', 21, 'AKTIF', 'S-SAFETY DEVICE MAPPING.pdf'),
(31, 'LOTO MAPING', '1 REV 2', 'SAFETY', 21, 'AKTIF', 'S-LOTO MAPING.pdf'),
(32, 'RISK MALPING LINE 3', '1 REV 2', 'SAFETY', 21, 'AKTIF', 'S-RISK MALPING LINE 3.pdf'),
(33, 'INTRUKSI KERJA REPACKING 220 ML', '1 REV 2', 'QUALITY', 25, 'AKTIF', 'S-INTRUKSI KERJA REPACKING 220 ML.pdf');

-- --------------------------------------------------------

--
-- Struktur dari tabel `m_wiring`
--

CREATE TABLE `m_wiring` (
  `id_wiring` int(11) NOT NULL,
  `name_wiring` varchar(150) NOT NULL,
  `id_machine` int(11) NOT NULL,
  `file_wiring` varchar(250) NOT NULL
) ENGINE=InnoDB DEFAULT CHARSET=utf8mb4;

--
-- Dumping data untuk tabel `m_wiring`
--

INSERT INTO `m_wiring` (`id_wiring`, `name_wiring`, `id_machine`, `file_wiring`) VALUES
(1, 'WIRING ERGOBLOC SERIE C24', 2, 'W-.pdf'),
(2, 'SIDEL X-333-PI21', 2, 'W-CS3290-2D+ User Manual _V2.1.pdf.pdf'),
(3, 'DUPLOX 21100', 2, 'W-DUPLOX 21100.pdf'),
(4, 'FILLER 220 ML ULTRACLEAN  LINE #7', 4, 'W-FILLER 220 ML ULTRACLEAN  LINE #7.pdf'),
(5, 'FILLER SUNNY 220 ML LINE #3', 8, 'W-FILLER SUNNY 220 ML LINE #3.pdf'),
(6, 'HOD LINE 7', 17, 'W-HOD LINE 7.pdf'),
(7, 'ELECTRIC SCHEME HOD LINE 7', 2, 'W-ELECTRIC SCHEME HOD LINE 7.pdf'),
(8, 'FILLER SUNNY UF 5000', 9, 'W-FILLER SUNNY UF 5000.pdf');

--
-- Indexes for dumped tables
--

--
-- Indeks untuk tabel `l_competency`
--
ALTER TABLE `l_competency`
  ADD PRIMARY KEY (`id_list`);

--
-- Indeks untuk tabel `m_competency`
--
ALTER TABLE `m_competency`
  ADD PRIMARY KEY (`id_competency`);

--
-- Indeks untuk tabel `m_employee`
--
ALTER TABLE `m_employee`
  ADD PRIMARY KEY (`share_id`);

--
-- Indeks untuk tabel `m_machine`
--
ALTER TABLE `m_machine`
  ADD PRIMARY KEY (`id_machine`);

--
-- Indeks untuk tabel `m_operator`
--
ALTER TABLE `m_operator`
  ADD PRIMARY KEY (`share_id`);

--
-- Indeks untuk tabel `m_pid`
--
ALTER TABLE `m_pid`
  ADD PRIMARY KEY (`id_pid`);

--
-- Indeks untuk tabel `m_sop`
--
ALTER TABLE `m_sop`
  ADD PRIMARY KEY (`id_sop`);

--
-- Indeks untuk tabel `m_wiring`
--
ALTER TABLE `m_wiring`
  ADD PRIMARY KEY (`id_wiring`);

--
-- AUTO_INCREMENT untuk tabel yang dibuang
--

--
-- AUTO_INCREMENT untuk tabel `l_competency`
--
ALTER TABLE `l_competency`
  MODIFY `id_list` int(11) NOT NULL AUTO_INCREMENT, AUTO_INCREMENT=16;

--
-- AUTO_INCREMENT untuk tabel `m_machine`
--
ALTER TABLE `m_machine`
  MODIFY `id_machine` int(11) NOT NULL AUTO_INCREMENT, AUTO_INCREMENT=28;

--
-- AUTO_INCREMENT untuk tabel `m_pid`
--
ALTER TABLE `m_pid`
  MODIFY `id_pid` int(11) NOT NULL AUTO_INCREMENT, AUTO_INCREMENT=2;

--
-- AUTO_INCREMENT untuk tabel `m_sop`
--
ALTER TABLE `m_sop`
  MODIFY `id_sop` int(11) NOT NULL AUTO_INCREMENT, AUTO_INCREMENT=34;

--
-- AUTO_INCREMENT untuk tabel `m_wiring`
--
ALTER TABLE `m_wiring`
  MODIFY `id_wiring` int(11) NOT NULL AUTO_INCREMENT, AUTO_INCREMENT=9;
COMMIT;

/*!40101 SET CHARACTER_SET_CLIENT=@OLD_CHARACTER_SET_CLIENT */;
/*!40101 SET CHARACTER_SET_RESULTS=@OLD_CHARACTER_SET_RESULTS */;
/*!40101 SET COLLATION_CONNECTION=@OLD_COLLATION_CONNECTION */;
